image_path,class,width,height,format,mode,duplicate,label,split
dataset\Apple___healthy\image (1643).JPG,Apple___healthy,256,256,JPEG,RGB,False,healthy,validation
dataset\Apple___Apple_scab\image (257).JPG,Apple___Apple_scab,256,256,JPEG,RGB,False,apple_scab,train
dataset\Apple___healthy\image (1641).JPG,Apple___healthy,256,256,JPEG,RGB,False,healthy,train
dataset\Apple___Black_rot\image (151).JPG,Apple___Black_rot,256,256,JPEG,RGB,False,black_rot,train
dataset\Apple___healthy\image (1173).JPG,Apple___healthy,256,256,JPEG,RGB,False,healthy,train
dataset\Apple___Apple_scab\image (43).JPG,Apple___Apple_scab,256,256,JPEG,RGB,False,apple_scab,train
dataset\Apple___Apple_scab\image (485).JPG,Apple___Apple_scab,256,256,JPEG,RGB,False,apple_scab,train
dataset\Apple___Cedar_apple_rust\image (109).JPG,Apple___Cedar_apple_rust,256,256,JPEG,RGB,False,cedar_rust,test
dataset\Apple___healthy\image (186).JPG,Apple___healthy,256,256,JPEG,RGB,False,healthy,train
dataset\Apple___healthy\image (1582).JPG,Apple___healthy,256,256,JPEG,RGB,False,healthy,train
dataset\Apple___Black_rot\image (513).JPG,Apple___Black_rot,256,256,JPEG,RGB,False,black_rot,validation
dataset\Apple___healthy\image (34).JPG,Apple___healthy,256,256,JPEG,RGB,False,healthy,test
dataset\Apple___Apple_scab\image (230).JPG,Apple___Apple_scab,256,256,JPEG,RGB,False,apple_scab,train
dataset\Apple___Apple_scab\image (491).JPG,Apple___Apple_scab,256,256,JPEG,RGB,False,apple_scab,test
dataset\Apple___Black_rot\image (400).JPG,Apple___Black_rot,256,256,JPEG,RGB,False,black_rot,validation
dataset\Apple___Black_rot\image (323).JPG,Apple___Black_rot,256,256,JPEG,RGB,False,black_rot,validation
dataset\Apple___healthy\image (553).JPG,Apple___healthy,256,256,JPEG,RGB,False,healthy,test
dataset\Apple___healthy\image (1622).JPG,Apple___healthy,256,256,JPEG,RGB,False,healthy,test
dataset\Apple___healthy\image (994).JPG,Apple___healthy,256,256,JPEG,RGB,False,healthy,train
dataset\Apple___healthy\image (314).JPG,Apple___healthy,256,256,JPEG,RGB,False,healthy,train
dataset\Apple___Cedar_apple_rust\image (219).JPG,Apple___Cedar_apple_rust,256,256,JPEG,RGB,False,cedar_rust,test
dataset\Apple___Apple_scab\image (156).JPG,Apple___Apple_scab,256,256,JPEG,RGB,False,apple_scab,train
dataset\Apple___healthy\image (441).JPG,Apple___healthy,256,256,JPEG,RGB,False,healthy,train
dataset\Apple___Apple_scab\image (602).JPG,Apple___Apple_scab,256,256,JPEG,RGB,False,apple_scab,train
dataset\Apple___Cedar_apple_rust\image (246).JPG,Apple___Cedar_apple_rust,256,256,JPEG,RGB,False,cedar_rust,train
dataset\Apple___healthy\image (1150).JPG,Apple___healthy,256,256,JPEG,RGB,False,healthy,validation
dataset\Apple___healthy\image (566).JPG,Apple___healthy,256,256,JPEG,RGB,False,healthy,train
dataset\Apple___healthy\image (289).JPG,Apple___healthy,256,256,JPEG,RGB,False,healthy,train
dataset\Apple___healthy\image (492).JPG,Apple___healthy,256,256,JPEG,RGB,False,healthy,train
dataset\Apple___Cedar_apple_rust\image (112).JPG,Apple___Cedar_apple_rust,256,256,JPEG,RGB,False,cedar_rust,train
dataset\Apple___healthy\image (1277).JPG,Apple___healthy,256,256,JPEG,RGB,False,healthy,train
dataset\Apple___healthy\image (296).JPG,Apple___healthy,256,256,JPEG,RGB,False,healthy,validation
dataset\Apple___Black_rot\image (61).JPG,Apple___Black_rot,256,256,JPEG,RGB,False,black_rot,train
dataset\Apple___healthy\image (63).JPG,Apple___healthy,256,256,JPEG,RGB,False,healthy,train
dataset\Apple___Cedar_apple_rust\image (208).JPG,Apple___Cedar_apple_rust,256,256,JPEG,RGB,False,cedar_rust,test
dataset\Apple___Apple_scab\image (480).JPG,Apple___Apple_scab,256,256,JPEG,RGB,False,apple_scab,train
dataset\Apple___healthy\image (678).JPG,Apple___healthy,256,256,JPEG,RGB,False,healthy,validation
dataset\Apple___Black_rot\image (495).JPG,Apple___Black_rot,256,256,JPEG,RGB,False,black_rot,train
dataset\Apple___healthy\image (45).JPG,Apple___healthy,256,256,JPEG,RGB,False,healthy,train
dataset\Apple___Apple_scab\image (575).JPG,Apple___Apple_scab,256,256,JPEG,RGB,False,apple_scab,train
dataset\Apple___healthy\image (21).JPG,Apple___healthy,256,256,JPEG,RGB,False,healthy,train
dataset\Apple___Apple_scab\image (578).JPG,Apple___Apple_scab,256,256,JPEG,RGB,False,apple_scab,train
dataset\Apple___Cedar_apple_rust\image (94).JPG,Apple___Cedar_apple_rust,256,256,JPEG,RGB,False,cedar_rust,train
dataset\Apple___Apple_scab\image (341).JPG,Apple___Apple_scab,256,256,JPEG,RGB,False,apple_scab,validation
dataset\Apple___healthy\image (325).JPG,Apple___healthy,256,256,JPEG,RGB,False,healthy,test
dataset\Apple___Cedar_apple_rust\image (5).JPG,Apple___Cedar_apple_rust,256,256,JPEG,RGB,False,cedar_rust,train
dataset\Apple___healthy\image (1051).JPG,Apple___healthy,256,256,JPEG,RGB,False,healthy,train
dataset\Apple___healthy\image (815).JPG,Apple___healthy,256,256,JPEG,RGB,False,healthy,test
dataset\Apple___Cedar_apple_rust\image (4).JPG,Apple___Cedar_apple_rust,256,256,JPEG,RGB,False,cedar_rust,train
dataset\Apple___healthy\image (428).JPG,Apple___healthy,256,256,JPEG,RGB,False,healthy,test
dataset\Apple___Apple_scab\image (109).JPG,Apple___Apple_scab,256,256,JPEG,RGB,False,apple_scab,train
dataset\Apple___healthy\image (1012).JPG,Apple___healthy,256,256,JPEG,RGB,False,healthy,validation
dataset\Apple___Apple_scab\image (558).JPG,Apple___Apple_scab,256,256,JPEG,RGB,False,apple_scab,train
dataset\Apple___Apple_scab\image (117).JPG,Apple___Apple_scab,256,256,JPEG,RGB,False,apple_scab,test
dataset\Apple___Apple_scab\image (188).JPG,Apple___Apple_scab,256,256,JPEG,RGB,False,apple_scab,test
dataset\Apple___healthy\image (481).JPG,Apple___healthy,256,256,JPEG,RGB,False,healthy,train
dataset\Apple___Cedar_apple_rust\image (3).JPG,Apple___Cedar_apple_rust,256,256,JPEG,RGB,False,cedar_rust,validation
dataset\Apple___Black_rot\image (282).JPG,Apple___Black_rot,256,256,JPEG,RGB,False,black_rot,train
dataset\Apple___Cedar_apple_rust\image (107).JPG,Apple___Cedar_apple_rust,256,256,JPEG,RGB,False,cedar_rust,train
dataset\Apple___healthy\image (1144).JPG,Apple___healthy,256,256,JPEG,RGB,False,healthy,train
dataset\Apple___healthy\image (274).JPG,Apple___healthy,256,256,JPEG,RGB,False,healthy,test
dataset\Apple___healthy\image (1240).JPG,Apple___healthy,256,256,JPEG,RGB,False,healthy,test
dataset\Apple___Cedar_apple_rust\image (124).JPG,Apple___Cedar_apple_rust,256,256,JPEG,RGB,False,cedar_rust,validation
dataset\Apple___healthy\image (1305).JPG,Apple___healthy,256,256,JPEG,RGB,False,healthy,train
dataset\Apple___Apple_scab\image (389).JPG,Apple___Apple_scab,256,256,JPEG,RGB,False,apple_scab,train
dataset\Apple___healthy\image (867).JPG,Apple___healthy,256,256,JPEG,RGB,False,healthy,test
dataset\Apple___healthy\image (803).JPG,Apple___healthy,256,256,JPEG,RGB,False,healthy,train
dataset\Apple___Apple_scab\image (124).JPG,Apple___Apple_scab,256,256,JPEG,RGB,False,apple_scab,test
dataset\Apple___healthy\image (1485).JPG,Apple___healthy,256,256,JPEG,RGB,False,healthy,train
dataset\Apple___Apple_scab\image (526).JPG,Apple___Apple_scab,256,256,JPEG,RGB,False,apple_scab,validation
dataset\Apple___Apple_scab\image (614).JPG,Apple___Apple_scab,256,256,JPEG,RGB,False,apple_scab,train
dataset\Apple___Apple_scab\image (27).JPG,Apple___Apple_scab,256,256,JPEG,RGB,False,apple_scab,validation
dataset\Apple___Cedar_apple_rust\image (87).JPG,Apple___Cedar_apple_rust,256,256,JPEG,RGB,False,cedar_rust,train
dataset\Apple___Cedar_apple_rust\image (63).JPG,Apple___Cedar_apple_rust,256,256,JPEG,RGB,False,cedar_rust,test
dataset\Apple___healthy\image (583).JPG,Apple___healthy,256,256,JPEG,RGB,False,healthy,train
dataset\Apple___healthy\image (247).JPG,Apple___healthy,256,256,JPEG,RGB,False,healthy,train
dataset\Apple___healthy\image (1028).JPG,Apple___healthy,256,256,JPEG,RGB,False,healthy,train
dataset\Apple___Black_rot\image (246).JPG,Apple___Black_rot,256,256,JPEG,RGB,False,black_rot,train
dataset\Apple___Black_rot\image (352).JPG,Apple___Black_rot,256,256,JPEG,RGB,False,black_rot,validation
dataset\Apple___Black_rot\image (328).JPG,Apple___Black_rot,256,256,JPEG,RGB,False,black_rot,train
dataset\Apple___Cedar_apple_rust\image (184).JPG,Apple___Cedar_apple_rust,256,256,JPEG,RGB,False,cedar_rust,train
dataset\Apple___Apple_scab\image (319).JPG,Apple___Apple_scab,256,256,JPEG,RGB,False,apple_scab,train
dataset\Apple___healthy\image (498).JPG,Apple___healthy,256,256,JPEG,RGB,False,healthy,train
dataset\Apple___Cedar_apple_rust\image (15).JPG,Apple___Cedar_apple_rust,256,256,JPEG,RGB,False,cedar_rust,test
dataset\Apple___Cedar_apple_rust\image (221).JPG,Apple___Cedar_apple_rust,256,256,JPEG,RGB,False,cedar_rust,train
dataset\Apple___Apple_scab\image (258).JPG,Apple___Apple_scab,256,256,JPEG,RGB,False,apple_scab,train
dataset\Apple___healthy\image (1089).JPG,Apple___healthy,256,256,JPEG,RGB,False,healthy,train
dataset\Apple___healthy\image (826).JPG,Apple___healthy,256,256,JPEG,RGB,False,healthy,train
dataset\Apple___Apple_scab\image (97).JPG,Apple___Apple_scab,256,256,JPEG,RGB,False,apple_scab,validation
dataset\Apple___healthy\image (1286).JPG,Apple___healthy,256,256,JPEG,RGB,False,healthy,train
dataset\Apple___Apple_scab\image (162).JPG,Apple___Apple_scab,256,256,JPEG,RGB,False,apple_scab,train
dataset\Apple___Apple_scab\image (383).JPG,Apple___Apple_scab,256,256,JPEG,RGB,False,apple_scab,validation
dataset\Apple___Black_rot\image (441).JPG,Apple___Black_rot,256,256,JPEG,RGB,False,black_rot,train
dataset\Apple___healthy\image (1278).JPG,Apple___healthy,256,256,JPEG,RGB,False,healthy,test
dataset\Apple___Apple_scab\image (146).JPG,Apple___Apple_scab,256,256,JPEG,RGB,False,apple_scab,validation
dataset\Apple___Apple_scab\image (337).JPG,Apple___Apple_scab,256,256,JPEG,RGB,False,apple_scab,train
dataset\Apple___Black_rot\image (287).JPG,Apple___Black_rot,256,256,JPEG,RGB,False,black_rot,train
dataset\Apple___healthy\image (166).JPG,Apple___healthy,256,256,JPEG,RGB,False,healthy,train
dataset\Apple___healthy\image (223).JPG,Apple___healthy,256,256,JPEG,RGB,False,healthy,train
dataset\Apple___healthy\image (1016).JPG,Apple___healthy,256,256,JPEG,RGB,False,healthy,test
dataset\Apple___healthy\image (282).JPG,Apple___healthy,256,256,JPEG,RGB,False,healthy,train
dataset\Apple___healthy\image (863).JPG,Apple___healthy,256,256,JPEG,RGB,False,healthy,train
dataset\Apple___Apple_scab\image (430).JPG,Apple___Apple_scab,256,256,JPEG,RGB,False,apple_scab,train
dataset\Apple___healthy\image (79).JPG,Apple___healthy,256,256,JPEG,RGB,False,healthy,train
dataset\Apple___healthy\image (1085).JPG,Apple___healthy,256,256,JPEG,RGB,False,healthy,train
dataset\Apple___healthy\image (609).JPG,Apple___healthy,256,256,JPEG,RGB,False,healthy,train
dataset\Apple___healthy\image (124).JPG,Apple___healthy,256,256,JPEG,RGB,False,healthy,train
dataset\Apple___healthy\image (1482).JPG,Apple___healthy,256,256,JPEG,RGB,False,healthy,train
dataset\Apple___healthy\image (1299).JPG,Apple___healthy,256,256,JPEG,RGB,False,healthy,validation
dataset\Apple___Black_rot\image (600).JPG,Apple___Black_rot,256,256,JPEG,RGB,False,black_rot,test
dataset\Apple___Cedar_apple_rust\image (119).JPG,Apple___Cedar_apple_rust,256,256,JPEG,RGB,False,cedar_rust,train
dataset\Apple___healthy\image (32).JPG,Apple___healthy,256,256,JPEG,RGB,False,healthy,test
dataset\Apple___Cedar_apple_rust\image (53).JPG,Apple___Cedar_apple_rust,256,256,JPEG,RGB,False,cedar_rust,train
dataset\Apple___Cedar_apple_rust\image (110).JPG,Apple___Cedar_apple_rust,256,256,JPEG,RGB,False,cedar_rust,test
dataset\Apple___Black_rot\image (108).JPG,Apple___Black_rot,256,256,JPEG,RGB,False,black_rot,train
dataset\Apple___Apple_scab\image (404).JPG,Apple___Apple_scab,256,256,JPEG,RGB,False,apple_scab,validation
dataset\Apple___Black_rot\image (397).JPG,Apple___Black_rot,256,256,JPEG,RGB,False,black_rot,train
dataset\Apple___healthy\image (996).JPG,Apple___healthy,256,256,JPEG,RGB,False,healthy,test
dataset\Apple___healthy\image (49).JPG,Apple___healthy,256,256,JPEG,RGB,False,healthy,test
dataset\Apple___Apple_scab\image (544).JPG,Apple___Apple_scab,256,256,JPEG,RGB,False,apple_scab,train
dataset\Apple___Apple_scab\image (577).JPG,Apple___Apple_scab,256,256,JPEG,RGB,False,apple_scab,test
dataset\Apple___Apple_scab\image (382).JPG,Apple___Apple_scab,256,256,JPEG,RGB,False,apple_scab,validation
dataset\Apple___Apple_scab\image (15).JPG,Apple___Apple_scab,256,256,JPEG,RGB,False,apple_scab,train
dataset\Apple___healthy\image (126).JPG,Apple___healthy,256,256,JPEG,RGB,False,healthy,train
dataset\Apple___healthy\image (420).JPG,Apple___healthy,256,256,JPEG,RGB,False,healthy,train
dataset\Apple___healthy\image (1379).JPG,Apple___healthy,256,256,JPEG,RGB,False,healthy,train
dataset\Apple___healthy\image (291).JPG,Apple___healthy,256,256,JPEG,RGB,False,healthy,train
dataset\Apple___Apple_scab\image (565).JPG,Apple___Apple_scab,256,256,JPEG,RGB,False,apple_scab,train
dataset\Apple___healthy\image (439).JPG,Apple___healthy,256,256,JPEG,RGB,False,healthy,train
dataset\Apple___healthy\image (1522).JPG,Apple___healthy,256,256,JPEG,RGB,False,healthy,train
dataset\Apple___healthy\image (1136).JPG,Apple___healthy,256,256,JPEG,RGB,False,healthy,train
dataset\Apple___healthy\image (479).JPG,Apple___healthy,256,256,JPEG,RGB,False,healthy,train
dataset\Apple___Cedar_apple_rust\image (72).JPG,Apple___Cedar_apple_rust,256,256,JPEG,RGB,False,cedar_rust,train
dataset\Apple___healthy\image (1302).JPG,Apple___healthy,256,256,JPEG,RGB,False,healthy,train
dataset\Apple___Black_rot\image (132).JPG,Apple___Black_rot,256,256,JPEG,RGB,False,black_rot,train
dataset\Apple___Cedar_apple_rust\image (123).JPG,Apple___Cedar_apple_rust,256,256,JPEG,RGB,False,cedar_rust,train
dataset\Apple___healthy\image (1308).JPG,Apple___healthy,256,256,JPEG,RGB,False,healthy,test
dataset\Apple___Black_rot\image (34).JPG,Apple___Black_rot,256,256,JPEG,RGB,False,black_rot,validation
dataset\Apple___healthy\image (1048).JPG,Apple___healthy,256,256,JPEG,RGB,False,healthy,train
dataset\Apple___Black_rot\image (455).JPG,Apple___Black_rot,256,256,JPEG,RGB,False,black_rot,train
dataset\Apple___Apple_scab\image (193).JPG,Apple___Apple_scab,256,256,JPEG,RGB,False,apple_scab,train
dataset\Apple___Cedar_apple_rust\image (175).JPG,Apple___Cedar_apple_rust,256,256,JPEG,RGB,False,cedar_rust,validation
dataset\Apple___Cedar_apple_rust\image (19).JPG,Apple___Cedar_apple_rust,256,256,JPEG,RGB,False,cedar_rust,train
dataset\Apple___healthy\image (143).JPG,Apple___healthy,256,256,JPEG,RGB,False,healthy,train
dataset\Apple___Cedar_apple_rust\image (201).JPG,Apple___Cedar_apple_rust,256,256,JPEG,RGB,False,cedar_rust,validation
dataset\Apple___healthy\image (1080).JPG,Apple___healthy,256,256,JPEG,RGB,False,healthy,test
dataset\Apple___Apple_scab\image (411).JPG,Apple___Apple_scab,256,256,JPEG,RGB,False,apple_scab,validation
dataset\Apple___healthy\image (1285).JPG,Apple___healthy,256,256,JPEG,RGB,False,healthy,train
dataset\Apple___healthy\image (388).JPG,Apple___healthy,256,256,JPEG,RGB,False,healthy,train
dataset\Apple___healthy\image (1621).JPG,Apple___healthy,256,256,JPEG,RGB,False,healthy,train
dataset\Apple___healthy\image (1303).JPG,Apple___healthy,256,256,JPEG,RGB,False,healthy,train
dataset\Apple___Apple_scab\image (119).JPG,Apple___Apple_scab,256,256,JPEG,RGB,False,apple_scab,train
dataset\Apple___healthy\image (299).JPG,Apple___healthy,256,256,JPEG,RGB,False,healthy,train
dataset\Apple___healthy\image (53).JPG,Apple___healthy,256,256,JPEG,RGB,False,healthy,train
dataset\Apple___Black_rot\image (577).JPG,Apple___Black_rot,256,256,JPEG,RGB,False,black_rot,train
dataset\Apple___healthy\image (941).JPG,Apple___healthy,256,256,JPEG,RGB,False,healthy,validation
dataset\Apple___healthy\image (949).JPG,Apple___healthy,256,256,JPEG,RGB,False,healthy,train
dataset\Apple___Cedar_apple_rust\image (248).JPG,Apple___Cedar_apple_rust,256,256,JPEG,RGB,False,cedar_rust,test
dataset\Apple___Black_rot\image (268).JPG,Apple___Black_rot,256,256,JPEG,RGB,False,black_rot,train
dataset\Apple___Black_rot\image (377).JPG,Apple___Black_rot,256,256,JPEG,RGB,False,black_rot,train
dataset\Apple___healthy\image (1069).JPG,Apple___healthy,256,256,JPEG,RGB,False,healthy,test
dataset\Apple___Black_rot\image (369).JPG,Apple___Black_rot,256,256,JPEG,RGB,False,black_rot,train
dataset\Apple___healthy\image (1115).JPG,Apple___healthy,256,256,JPEG,RGB,False,healthy,train
dataset\Apple___healthy\image (1097).JPG,Apple___healthy,256,256,JPEG,RGB,False,healthy,train
dataset\Apple___healthy\image (250).JPG,Apple___healthy,256,256,JPEG,RGB,False,healthy,train
dataset\Apple___healthy\image (237).JPG,Apple___healthy,256,256,JPEG,RGB,False,healthy,validation
dataset\Apple___Cedar_apple_rust\image (232).JPG,Apple___Cedar_apple_rust,256,256,JPEG,RGB,False,cedar_rust,train
dataset\Apple___healthy\image (1130).JPG,Apple___healthy,256,256,JPEG,RGB,False,healthy,train
dataset\Apple___healthy\image (784).JPG,Apple___healthy,256,256,JPEG,RGB,False,healthy,train
dataset\Apple___healthy\image (347).JPG,Apple___healthy,256,256,JPEG,RGB,False,healthy,validation
dataset\Apple___healthy\image (138).JPG,Apple___healthy,256,256,JPEG,RGB,False,healthy,train
dataset\Apple___healthy\image (427).JPG,Apple___healthy,256,256,JPEG,RGB,False,healthy,test
dataset\Apple___Black_rot\image (480).JPG,Apple___Black_rot,256,256,JPEG,RGB,False,black_rot,train
dataset\Apple___healthy\image (570).JPG,Apple___healthy,256,256,JPEG,RGB,False,healthy,train
dataset\Apple___Cedar_apple_rust\image (114).JPG,Apple___Cedar_apple_rust,256,256,JPEG,RGB,False,cedar_rust,train
dataset\Apple___Apple_scab\image (192).JPG,Apple___Apple_scab,256,256,JPEG,RGB,False,apple_scab,train
dataset\Apple___Apple_scab\image (387).JPG,Apple___Apple_scab,256,256,JPEG,RGB,False,apple_scab,train
dataset\Apple___healthy\image (1456).JPG,Apple___healthy,256,256,JPEG,RGB,False,healthy,train
dataset\Apple___healthy\image (1618).JPG,Apple___healthy,256,256,JPEG,RGB,False,healthy,validation
dataset\Apple___Apple_scab\image (209).JPG,Apple___Apple_scab,256,256,JPEG,RGB,False,apple_scab,train
dataset\Apple___healthy\image (307).JPG,Apple___healthy,256,256,JPEG,RGB,False,healthy,train
dataset\Apple___Black_rot\image (451).JPG,Apple___Black_rot,256,256,JPEG,RGB,False,black_rot,train
dataset\Apple___healthy\image (170).JPG,Apple___healthy,256,256,JPEG,RGB,False,healthy,train
dataset\Apple___healthy\image (298).JPG,Apple___healthy,256,256,JPEG,RGB,False,healthy,train
dataset\Apple___Apple_scab\image (227).JPG,Apple___Apple_scab,256,256,JPEG,RGB,False,apple_scab,validation
dataset\Apple___Apple_scab\image (150).JPG,Apple___Apple_scab,256,256,JPEG,RGB,False,apple_scab,train
dataset\Apple___healthy\image (183).JPG,Apple___healthy,256,256,JPEG,RGB,False,healthy,train
dataset\Apple___healthy\image (1584).JPG,Apple___healthy,256,256,JPEG,RGB,False,healthy,train
dataset\Apple___Apple_scab\image (420).JPG,Apple___Apple_scab,256,256,JPEG,RGB,False,apple_scab,train
dataset\Apple___healthy\image (675).JPG,Apple___healthy,256,256,JPEG,RGB,False,healthy,train
dataset\Apple___healthy\image (1056).JPG,Apple___healthy,256,256,JPEG,RGB,False,healthy,train
dataset\Apple___healthy\image (275).JPG,Apple___healthy,256,256,JPEG,RGB,False,healthy,train
dataset\Apple___healthy\image (716).JPG,Apple___healthy,256,256,JPEG,RGB,False,healthy,validation
dataset\Apple___Apple_scab\image (493).JPG,Apple___Apple_scab,256,256,JPEG,RGB,False,apple_scab,train
dataset\Apple___Apple_scab\image (189).JPG,Apple___Apple_scab,256,256,JPEG,RGB,False,apple_scab,validation
dataset\Apple___healthy\image (676).JPG,Apple___healthy,256,256,JPEG,RGB,False,healthy,train
dataset\Apple___Black_rot\image (378).JPG,Apple___Black_rot,256,256,JPEG,RGB,False,black_rot,train
dataset\Apple___Apple_scab\image (160).JPG,Apple___Apple_scab,256,256,JPEG,RGB,False,apple_scab,train
dataset\Apple___healthy\image (1020).JPG,Apple___healthy,256,256,JPEG,RGB,False,healthy,train
dataset\Apple___Apple_scab\image (31).JPG,Apple___Apple_scab,256,256,JPEG,RGB,False,apple_scab,train
dataset\Apple___healthy\image (757).JPG,Apple___healthy,256,256,JPEG,RGB,False,healthy,train
dataset\Apple___healthy\image (1338).JPG,Apple___healthy,256,256,JPEG,RGB,False,healthy,validation
dataset\Apple___Apple_scab\image (86).JPG,Apple___Apple_scab,256,256,JPEG,RGB,False,apple_scab,train
dataset\Apple___healthy\image (1576).JPG,Apple___healthy,256,256,JPEG,RGB,False,healthy,train
dataset\Apple___healthy\image (1459).JPG,Apple___healthy,256,256,JPEG,RGB,False,healthy,test
dataset\Apple___Cedar_apple_rust\image (82).JPG,Apple___Cedar_apple_rust,256,256,JPEG,RGB,False,cedar_rust,train
dataset\Apple___healthy\image (231).JPG,Apple___healthy,256,256,JPEG,RGB,False,healthy,train
dataset\Apple___healthy\image (271).JPG,Apple___healthy,256,256,JPEG,RGB,False,healthy,train
dataset\Apple___Apple_scab\image (107).JPG,Apple___Apple_scab,256,256,JPEG,RGB,False,apple_scab,train
dataset\Apple___healthy\image (466).JPG,Apple___healthy,256,256,JPEG,RGB,False,healthy,validation
dataset\Apple___Apple_scab\image (473).JPG,Apple___Apple_scab,256,256,JPEG,RGB,False,apple_scab,train
dataset\Apple___Apple_scab\image (246).JPG,Apple___Apple_scab,256,256,JPEG,RGB,False,apple_scab,train
dataset\Apple___healthy\image (1616).JPG,Apple___healthy,256,256,JPEG,RGB,False,healthy,train
dataset\Apple___Apple_scab\image (126).JPG,Apple___Apple_scab,256,256,JPEG,RGB,False,apple_scab,train
dataset\Apple___healthy\image (1152).JPG,Apple___healthy,256,256,JPEG,RGB,False,healthy,train
dataset\Apple___healthy\image (1013).JPG,Apple___healthy,256,256,JPEG,RGB,False,healthy,train
dataset\Apple___Cedar_apple_rust\image (58).JPG,Apple___Cedar_apple_rust,256,256,JPEG,RGB,False,cedar_rust,train
dataset\Apple___Apple_scab\image (535).JPG,Apple___Apple_scab,256,256,JPEG,RGB,False,apple_scab,validation
dataset\Apple___Apple_scab\image (244).JPG,Apple___Apple_scab,256,256,JPEG,RGB,False,apple_scab,test
dataset\Apple___Black_rot\image (479).JPG,Apple___Black_rot,256,256,JPEG,RGB,False,black_rot,validation
dataset\Apple___healthy\image (916).JPG,Apple___healthy,256,256,JPEG,RGB,False,healthy,train
dataset\Apple___Apple_scab\image (605).JPG,Apple___Apple_scab,256,256,JPEG,RGB,False,apple_scab,validation
dataset\Apple___Black_rot\image (321).JPG,Apple___Black_rot,256,256,JPEG,RGB,False,black_rot,train
dataset\Apple___healthy\image (266).JPG,Apple___healthy,256,256,JPEG,RGB,False,healthy,train
dataset\Apple___healthy\image (921).JPG,Apple___healthy,256,256,JPEG,RGB,False,healthy,test
dataset\Apple___healthy\image (1404).JPG,Apple___healthy,256,256,JPEG,RGB,False,healthy,train
dataset\Apple___healthy\image (214).JPG,Apple___healthy,256,256,JPEG,RGB,False,healthy,train
dataset\Apple___healthy\image (1534).JPG,Apple___healthy,256,256,JPEG,RGB,False,healthy,train
dataset\Apple___Black_rot\image (489).JPG,Apple___Black_rot,256,256,JPEG,RGB,False,black_rot,train
dataset\Apple___Black_rot\image (415).JPG,Apple___Black_rot,256,256,JPEG,RGB,False,black_rot,validation
dataset\Apple___Apple_scab\image (180).JPG,Apple___Apple_scab,256,256,JPEG,RGB,False,apple_scab,train
dataset\Apple___healthy\image (843).JPG,Apple___healthy,256,256,JPEG,RGB,False,healthy,train
dataset\Apple___healthy\image (1292).JPG,Apple___healthy,256,256,JPEG,RGB,False,healthy,train
dataset\Apple___healthy\image (1161).JPG,Apple___healthy,256,256,JPEG,RGB,False,healthy,train
dataset\Apple___healthy\image (1162).JPG,Apple___healthy,256,256,JPEG,RGB,False,healthy,train
dataset\Apple___Black_rot\image (179).JPG,Apple___Black_rot,256,256,JPEG,RGB,False,black_rot,train
dataset\Apple___healthy\image (55).JPG,Apple___healthy,256,256,JPEG,RGB,False,healthy,test
dataset\Apple___healthy\image (207).JPG,Apple___healthy,256,256,JPEG,RGB,False,healthy,train
dataset\Apple___healthy\image (1555).JPG,Apple___healthy,256,256,JPEG,RGB,False,healthy,train
dataset\Apple___Apple_scab\image (179).JPG,Apple___Apple_scab,256,256,JPEG,RGB,False,apple_scab,train
dataset\Apple___healthy\image (1009).JPG,Apple___healthy,256,256,JPEG,RGB,False,healthy,train
dataset\Apple___healthy\image (103).JPG,Apple___healthy,256,256,JPEG,RGB,False,healthy,train
dataset\Apple___Cedar_apple_rust\image (206).JPG,Apple___Cedar_apple_rust,256,256,JPEG,RGB,False,cedar_rust,validation
dataset\Apple___Black_rot\image (437).JPG,Apple___Black_rot,256,256,JPEG,RGB,False,black_rot,train
dataset\Apple___Cedar_apple_rust\image (28).JPG,Apple___Cedar_apple_rust,256,256,JPEG,RGB,False,cedar_rust,test
dataset\Apple___healthy\image (97).JPG,Apple___healthy,256,256,JPEG,RGB,False,healthy,test
dataset\Apple___Apple_scab\image (208).JPG,Apple___Apple_scab,256,256,JPEG,RGB,False,apple_scab,test
dataset\Apple___healthy\image (829).JPG,Apple___healthy,256,256,JPEG,RGB,False,healthy,validation
dataset\Apple___Black_rot\image (357).JPG,Apple___Black_rot,256,256,JPEG,RGB,False,black_rot,train
dataset\Apple___healthy\image (24).JPG,Apple___healthy,256,256,JPEG,RGB,False,healthy,train
dataset\Apple___Apple_scab\image (35).JPG,Apple___Apple_scab,256,256,JPEG,RGB,False,apple_scab,train
dataset\Apple___healthy\image (273).JPG,Apple___healthy,256,256,JPEG,RGB,False,healthy,validation
dataset\Apple___Apple_scab\image (300).JPG,Apple___Apple_scab,256,256,JPEG,RGB,False,apple_scab,test
dataset\Apple___Apple_scab\image (364).JPG,Apple___Apple_scab,256,256,JPEG,RGB,False,apple_scab,test
dataset\Apple___Cedar_apple_rust\image (186).JPG,Apple___Cedar_apple_rust,256,256,JPEG,RGB,False,cedar_rust,train
dataset\Apple___Black_rot\image (360).JPG,Apple___Black_rot,256,256,JPEG,RGB,False,black_rot,train
dataset\Apple___Black_rot\image (337).JPG,Apple___Black_rot,256,256,JPEG,RGB,False,black_rot,train
dataset\Apple___healthy\image (710).JPG,Apple___healthy,256,256,JPEG,RGB,False,healthy,train
dataset\Apple___Apple_scab\image (245).JPG,Apple___Apple_scab,256,256,JPEG,RGB,False,apple_scab,train
dataset\Apple___Black_rot\image (262).JPG,Apple___Black_rot,256,256,JPEG,RGB,False,black_rot,train
dataset\Apple___Cedar_apple_rust\image (146).JPG,Apple___Cedar_apple_rust,256,256,JPEG,RGB,False,cedar_rust,test
dataset\Apple___Black_rot\image (612).JPG,Apple___Black_rot,256,256,JPEG,RGB,False,black_rot,train
dataset\Apple___healthy\image (1445).JPG,Apple___healthy,256,256,JPEG,RGB,False,healthy,train
dataset\Apple___healthy\image (1053).JPG,Apple___healthy,256,256,JPEG,RGB,False,healthy,validation
dataset\Apple___Black_rot\image (92).JPG,Apple___Black_rot,256,256,JPEG,RGB,False,black_rot,train
dataset\Apple___Cedar_apple_rust\image (135).JPG,Apple___Cedar_apple_rust,256,256,JPEG,RGB,False,cedar_rust,validation
dataset\Apple___Apple_scab\image (484).JPG,Apple___Apple_scab,256,256,JPEG,RGB,False,apple_scab,test
dataset\Apple___healthy\image (199).JPG,Apple___healthy,256,256,JPEG,RGB,False,healthy,train
dataset\Apple___healthy\image (567).JPG,Apple___healthy,256,256,JPEG,RGB,False,healthy,train
dataset\Apple___Cedar_apple_rust\image (67).JPG,Apple___Cedar_apple_rust,256,256,JPEG,RGB,False,cedar_rust,train
dataset\Apple___healthy\image (1270).JPG,Apple___healthy,256,256,JPEG,RGB,False,healthy,test
dataset\Apple___Apple_scab\image (287).JPG,Apple___Apple_scab,256,256,JPEG,RGB,False,apple_scab,train
dataset\Apple___Apple_scab\image (572).JPG,Apple___Apple_scab,256,256,JPEG,RGB,False,apple_scab,validation
dataset\Apple___healthy\image (358).JPG,Apple___healthy,256,256,JPEG,RGB,False,healthy,train
dataset\Apple___healthy\image (268).JPG,Apple___healthy,256,256,JPEG,RGB,False,healthy,train
dataset\Apple___healthy\image (1519).JPG,Apple___healthy,256,256,JPEG,RGB,False,healthy,test
dataset\Apple___healthy\image (478).JPG,Apple___healthy,256,256,JPEG,RGB,False,healthy,test
dataset\Apple___Black_rot\image (621).JPG,Apple___Black_rot,256,256,JPEG,RGB,False,black_rot,train
dataset\Apple___Apple_scab\image (581).JPG,Apple___Apple_scab,256,256,JPEG,RGB,False,apple_scab,train
dataset\Apple___healthy\image (679).JPG,Apple___healthy,256,256,JPEG,RGB,False,healthy,train
dataset\Apple___Black_rot\image (574).JPG,Apple___Black_rot,256,256,JPEG,RGB,False,black_rot,train
dataset\Apple___healthy\image (819).JPG,Apple___healthy,256,256,JPEG,RGB,False,healthy,train
dataset\Apple___Black_rot\image (429).JPG,Apple___Black_rot,256,256,JPEG,RGB,False,black_rot,train
dataset\Apple___healthy\image (522).JPG,Apple___healthy,256,256,JPEG,RGB,False,healthy,train
dataset\Apple___Cedar_apple_rust\image (156).JPG,Apple___Cedar_apple_rust,256,256,JPEG,RGB,False,cedar_rust,validation
dataset\Apple___healthy\image (725).JPG,Apple___healthy,256,256,JPEG,RGB,False,healthy,train
dataset\Apple___Apple_scab\image (350).JPG,Apple___Apple_scab,256,256,JPEG,RGB,False,apple_scab,train
dataset\Apple___Cedar_apple_rust\image (217).JPG,Apple___Cedar_apple_rust,256,256,JPEG,RGB,False,cedar_rust,train
dataset\Apple___healthy\image (621).JPG,Apple___healthy,256,256,JPEG,RGB,False,healthy,train
dataset\Apple___healthy\image (600).JPG,Apple___healthy,256,256,JPEG,RGB,False,healthy,train
dataset\Apple___healthy\image (975).JPG,Apple___healthy,256,256,JPEG,RGB,False,healthy,test
dataset\Apple___healthy\image (951).JPG,Apple___healthy,256,256,JPEG,RGB,False,healthy,train
dataset\Apple___healthy\image (251).JPG,Apple___healthy,256,256,JPEG,RGB,False,healthy,train
dataset\Apple___healthy\image (1491).JPG,Apple___healthy,256,256,JPEG,RGB,False,healthy,train
dataset\Apple___healthy\image (986).JPG,Apple___healthy,256,256,JPEG,RGB,False,healthy,test
dataset\Apple___Cedar_apple_rust\image (249).JPG,Apple___Cedar_apple_rust,256,256,JPEG,RGB,False,cedar_rust,train
dataset\Apple___Cedar_apple_rust\image (111).JPG,Apple___Cedar_apple_rust,256,256,JPEG,RGB,False,cedar_rust,train
dataset\Apple___Black_rot\image (137).JPG,Apple___Black_rot,256,256,JPEG,RGB,False,black_rot,validation
dataset\Apple___healthy\image (761).JPG,Apple___healthy,256,256,JPEG,RGB,False,healthy,test
dataset\Apple___Black_rot\image (327).JPG,Apple___Black_rot,256,256,JPEG,RGB,False,black_rot,train
dataset\Apple___healthy\image (961).JPG,Apple___healthy,256,256,JPEG,RGB,False,healthy,test
dataset\Apple___Black_rot\image (468).JPG,Apple___Black_rot,256,256,JPEG,RGB,False,black_rot,train
dataset\Apple___Black_rot\image (216).JPG,Apple___Black_rot,256,256,JPEG,RGB,False,black_rot,train
dataset\Apple___healthy\image (496).JPG,Apple___healthy,256,256,JPEG,RGB,False,healthy,validation
dataset\Apple___healthy\image (1467).JPG,Apple___healthy,256,256,JPEG,RGB,False,healthy,validation
dataset\Apple___Black_rot\image (515).JPG,Apple___Black_rot,256,256,JPEG,RGB,False,black_rot,train
dataset\Apple___healthy\image (793).JPG,Apple___healthy,256,256,JPEG,RGB,False,healthy,train
dataset\Apple___Cedar_apple_rust\image (180).JPG,Apple___Cedar_apple_rust,256,256,JPEG,RGB,False,cedar_rust,train
dataset\Apple___Cedar_apple_rust\image (47).JPG,Apple___Cedar_apple_rust,256,256,JPEG,RGB,False,cedar_rust,train
dataset\Apple___healthy\image (827).JPG,Apple___healthy,256,256,JPEG,RGB,False,healthy,train
dataset\Apple___healthy\image (850).JPG,Apple___healthy,256,256,JPEG,RGB,False,healthy,train
dataset\Apple___healthy\image (508).JPG,Apple___healthy,256,256,JPEG,RGB,False,healthy,train
dataset\Apple___healthy\image (246).JPG,Apple___healthy,256,256,JPEG,RGB,False,healthy,train
dataset\Apple___Apple_scab\image (548).JPG,Apple___Apple_scab,256,256,JPEG,RGB,False,apple_scab,test
dataset\Apple___healthy\image (538).JPG,Apple___healthy,256,256,JPEG,RGB,False,healthy,validation
dataset\Apple___healthy\image (549).JPG,Apple___healthy,256,256,JPEG,RGB,False,healthy,validation
dataset\Apple___healthy\image (533).JPG,Apple___healthy,256,256,JPEG,RGB,False,healthy,validation
dataset\Apple___Apple_scab\image (175).JPG,Apple___Apple_scab,256,256,JPEG,RGB,False,apple_scab,train
dataset\Apple___Black_rot\image (592).JPG,Apple___Black_rot,256,256,JPEG,RGB,False,black_rot,train
dataset\Apple___healthy\image (201).JPG,Apple___healthy,256,256,JPEG,RGB,False,healthy,train
dataset\Apple___healthy\image (114).JPG,Apple___healthy,256,256,JPEG,RGB,False,healthy,train
dataset\Apple___Apple_scab\image (226).JPG,Apple___Apple_scab,256,256,JPEG,RGB,False,apple_scab,train
dataset\Apple___healthy\image (395).JPG,Apple___healthy,256,256,JPEG,RGB,False,healthy,test
dataset\Apple___healthy\image (618).JPG,Apple___healthy,256,256,JPEG,RGB,False,healthy,validation
dataset\Apple___Apple_scab\image (435).JPG,Apple___Apple_scab,256,256,JPEG,RGB,False,apple_scab,validation
dataset\Apple___Black_rot\image (528).JPG,Apple___Black_rot,256,256,JPEG,RGB,False,black_rot,train
dataset\Apple___healthy\image (768).JPG,Apple___healthy,256,256,JPEG,RGB,False,healthy,train
dataset\Apple___healthy\image (526).JPG,Apple___healthy,256,256,JPEG,RGB,False,healthy,train
dataset\Apple___Apple_scab\image (606).JPG,Apple___Apple_scab,256,256,JPEG,RGB,False,apple_scab,train
dataset\Apple___Black_rot\image (71).JPG,Apple___Black_rot,256,256,JPEG,RGB,False,black_rot,validation
dataset\Apple___healthy\image (1574).JPG,Apple___healthy,256,256,JPEG,RGB,False,healthy,train
dataset\Apple___healthy\image (173).JPG,Apple___healthy,256,256,JPEG,RGB,False,healthy,test
dataset\Apple___Apple_scab\image (376).JPG,Apple___Apple_scab,256,256,JPEG,RGB,False,apple_scab,train
dataset\Apple___Black_rot\image (58).JPG,Apple___Black_rot,256,256,JPEG,RGB,False,black_rot,validation
dataset\Apple___healthy\image (11).JPG,Apple___healthy,256,256,JPEG,RGB,False,healthy,train
dataset\Apple___healthy\image (893).JPG,Apple___healthy,256,256,JPEG,RGB,False,healthy,train
dataset\Apple___healthy\image (1185).JPG,Apple___healthy,256,256,JPEG,RGB,False,healthy,validation
dataset\Apple___healthy\image (393).JPG,Apple___healthy,256,256,JPEG,RGB,False,healthy,train
dataset\Apple___Apple_scab\image (79).JPG,Apple___Apple_scab,256,256,JPEG,RGB,False,apple_scab,train
dataset\Apple___healthy\image (758).JPG,Apple___healthy,256,256,JPEG,RGB,False,healthy,train
dataset\Apple___Apple_scab\image (587).JPG,Apple___Apple_scab,256,256,JPEG,RGB,False,apple_scab,train
dataset\Apple___Cedar_apple_rust\image (52).JPG,Apple___Cedar_apple_rust,256,256,JPEG,RGB,False,cedar_rust,validation
dataset\Apple___healthy\image (854).JPG,Apple___healthy,256,256,JPEG,RGB,False,healthy,validation
dataset\Apple___Black_rot\image (607).JPG,Apple___Black_rot,256,256,JPEG,RGB,False,black_rot,train
dataset\Apple___Black_rot\image (62).JPG,Apple___Black_rot,256,256,JPEG,RGB,False,black_rot,train
dataset\Apple___healthy\image (1117).JPG,Apple___healthy,256,256,JPEG,RGB,False,healthy,validation
dataset\Apple___Cedar_apple_rust\image (65).JPG,Apple___Cedar_apple_rust,256,256,JPEG,RGB,False,cedar_rust,test
dataset\Apple___healthy\image (94).JPG,Apple___healthy,256,256,JPEG,RGB,False,healthy,train
dataset\Apple___healthy\image (1258).JPG,Apple___healthy,256,256,JPEG,RGB,False,healthy,train
dataset\Apple___Apple_scab\image (456).JPG,Apple___Apple_scab,256,256,JPEG,RGB,False,apple_scab,train
dataset\Apple___Apple_scab\image (313).JPG,Apple___Apple_scab,256,256,JPEG,RGB,False,apple_scab,train
dataset\Apple___healthy\image (1143).JPG,Apple___healthy,256,256,JPEG,RGB,False,healthy,train
dataset\Apple___healthy\image (1261).JPG,Apple___healthy,256,256,JPEG,RGB,False,healthy,validation
dataset\Apple___Cedar_apple_rust\image (162).JPG,Apple___Cedar_apple_rust,256,256,JPEG,RGB,False,cedar_rust,train
dataset\Apple___healthy\image (1538).JPG,Apple___healthy,256,256,JPEG,RGB,False,healthy,train
dataset\Apple___healthy\image (739).JPG,Apple___healthy,256,256,JPEG,RGB,False,healthy,train
dataset\Apple___healthy\image (1074).JPG,Apple___healthy,256,256,JPEG,RGB,False,healthy,train
dataset\Apple___Apple_scab\image (187).JPG,Apple___Apple_scab,256,256,JPEG,RGB,False,apple_scab,train
dataset\Apple___Apple_scab\image (255).JPG,Apple___Apple_scab,256,256,JPEG,RGB,False,apple_scab,train
dataset\Apple___healthy\image (727).JPG,Apple___healthy,256,256,JPEG,RGB,False,healthy,train
dataset\Apple___healthy\image (1032).JPG,Apple___healthy,256,256,JPEG,RGB,False,healthy,test
dataset\Apple___healthy\image (392).JPG,Apple___healthy,256,256,JPEG,RGB,False,healthy,validation
dataset\Apple___healthy\image (1594).JPG,Apple___healthy,256,256,JPEG,RGB,False,healthy,train
dataset\Apple___healthy\image (292).JPG,Apple___healthy,256,256,JPEG,RGB,False,healthy,train
dataset\Apple___Apple_scab\image (391).JPG,Apple___Apple_scab,256,256,JPEG,RGB,False,apple_scab,train
dataset\Apple___healthy\image (1068).JPG,Apple___healthy,256,256,JPEG,RGB,False,healthy,train
dataset\Apple___healthy\image (743).JPG,Apple___healthy,256,256,JPEG,RGB,False,healthy,train
dataset\Apple___healthy\image (127).JPG,Apple___healthy,256,256,JPEG,RGB,False,healthy,train
dataset\Apple___Black_rot\image (81).JPG,Apple___Black_rot,256,256,JPEG,RGB,False,black_rot,train
dataset\Apple___Cedar_apple_rust\image (254).JPG,Apple___Cedar_apple_rust,256,256,JPEG,RGB,False,cedar_rust,test
dataset\Apple___Black_rot\image (112).JPG,Apple___Black_rot,256,256,JPEG,RGB,False,black_rot,train
dataset\Apple___Black_rot\image (372).JPG,Apple___Black_rot,256,256,JPEG,RGB,False,black_rot,train
dataset\Apple___Black_rot\image (544).JPG,Apple___Black_rot,256,256,JPEG,RGB,False,black_rot,test
dataset\Apple___Apple_scab\image (381).JPG,Apple___Apple_scab,256,256,JPEG,RGB,False,apple_scab,test
dataset\Apple___healthy\image (81).JPG,Apple___healthy,256,256,JPEG,RGB,False,healthy,train
dataset\Apple___healthy\image (309).JPG,Apple___healthy,256,256,JPEG,RGB,False,healthy,train
dataset\Apple___Apple_scab\image (334).JPG,Apple___Apple_scab,256,256,JPEG,RGB,False,apple_scab,train
dataset\Apple___Cedar_apple_rust\image (228).JPG,Apple___Cedar_apple_rust,256,256,JPEG,RGB,False,cedar_rust,train
dataset\Apple___healthy\image (732).JPG,Apple___healthy,256,256,JPEG,RGB,False,healthy,validation
dataset\Apple___healthy\image (438).JPG,Apple___healthy,256,256,JPEG,RGB,False,healthy,train
dataset\Apple___healthy\image (408).JPG,Apple___healthy,256,256,JPEG,RGB,False,healthy,validation
dataset\Apple___Apple_scab\image (424).JPG,Apple___Apple_scab,256,256,JPEG,RGB,False,apple_scab,train
dataset\Apple___Apple_scab\image (384).JPG,Apple___Apple_scab,256,256,JPEG,RGB,False,apple_scab,train
dataset\Apple___healthy\image (188).JPG,Apple___healthy,256,256,JPEG,RGB,False,healthy,train
dataset\Apple___healthy\image (1532).JPG,Apple___healthy,256,256,JPEG,RGB,False,healthy,validation
dataset\Apple___healthy\image (1249).JPG,Apple___healthy,256,256,JPEG,RGB,False,healthy,train
dataset\Apple___healthy\image (595).JPG,Apple___healthy,256,256,JPEG,RGB,False,healthy,validation
dataset\Apple___healthy\image (577).JPG,Apple___healthy,256,256,JPEG,RGB,False,healthy,train
dataset\Apple___Cedar_apple_rust\image (152).JPG,Apple___Cedar_apple_rust,256,256,JPEG,RGB,False,cedar_rust,train
dataset\Apple___Black_rot\image (140).JPG,Apple___Black_rot,256,256,JPEG,RGB,False,black_rot,validation
dataset\Apple___Black_rot\image (484).JPG,Apple___Black_rot,256,256,JPEG,RGB,False,black_rot,train
dataset\Apple___Black_rot\image (556).JPG,Apple___Black_rot,256,256,JPEG,RGB,False,black_rot,test
dataset\Apple___Apple_scab\image (336).JPG,Apple___Apple_scab,256,256,JPEG,RGB,False,apple_scab,train
dataset\Apple___Black_rot\image (354).JPG,Apple___Black_rot,256,256,JPEG,RGB,False,black_rot,train
dataset\Apple___healthy\image (1044).JPG,Apple___healthy,256,256,JPEG,RGB,False,healthy,train
dataset\Apple___healthy\image (1601).JPG,Apple___healthy,256,256,JPEG,RGB,False,healthy,train
dataset\Apple___healthy\image (484).JPG,Apple___healthy,256,256,JPEG,RGB,False,healthy,train
dataset\Apple___healthy\image (650).JPG,Apple___healthy,256,256,JPEG,RGB,False,healthy,test
dataset\Apple___Apple_scab\image (490).JPG,Apple___Apple_scab,256,256,JPEG,RGB,False,apple_scab,train
dataset\Apple___Apple_scab\image (72).JPG,Apple___Apple_scab,256,256,JPEG,RGB,False,apple_scab,train
dataset\Apple___Cedar_apple_rust\image (224).JPG,Apple___Cedar_apple_rust,256,256,JPEG,RGB,False,cedar_rust,train
dataset\Apple___Apple_scab\image (324).JPG,Apple___Apple_scab,256,256,JPEG,RGB,False,apple_scab,train
dataset\Apple___healthy\image (1108).JPG,Apple___healthy,256,256,JPEG,RGB,False,healthy,train
dataset\Apple___healthy\image (1361).JPG,Apple___healthy,256,256,JPEG,RGB,False,healthy,test
dataset\Apple___Black_rot\image (340).JPG,Apple___Black_rot,256,256,JPEG,RGB,False,black_rot,train
dataset\Apple___Black_rot\image (53).JPG,Apple___Black_rot,256,256,JPEG,RGB,False,black_rot,train
dataset\Apple___healthy\image (833).JPG,Apple___healthy,256,256,JPEG,RGB,False,healthy,train
dataset\Apple___Black_rot\image (285).JPG,Apple___Black_rot,256,256,JPEG,RGB,False,black_rot,test
dataset\Apple___healthy\image (215).JPG,Apple___healthy,256,256,JPEG,RGB,False,healthy,train
dataset\Apple___Cedar_apple_rust\image (97).JPG,Apple___Cedar_apple_rust,256,256,JPEG,RGB,False,cedar_rust,train
dataset\Apple___Black_rot\image (131).JPG,Apple___Black_rot,256,256,JPEG,RGB,False,black_rot,train
dataset\Apple___Black_rot\image (548).JPG,Apple___Black_rot,256,256,JPEG,RGB,False,black_rot,train
dataset\Apple___healthy\image (303).JPG,Apple___healthy,256,256,JPEG,RGB,False,healthy,test
dataset\Apple___healthy\image (148).JPG,Apple___healthy,256,256,JPEG,RGB,False,healthy,train
dataset\Apple___healthy\image (104).JPG,Apple___healthy,256,256,JPEG,RGB,False,healthy,train
dataset\Apple___Apple_scab\image (153).JPG,Apple___Apple_scab,256,256,JPEG,RGB,False,apple_scab,train
dataset\Apple___Apple_scab\image (62).JPG,Apple___Apple_scab,256,256,JPEG,RGB,False,apple_scab,train
dataset\Apple___Black_rot\image (326).JPG,Apple___Black_rot,256,256,JPEG,RGB,False,black_rot,validation
dataset\Apple___healthy\image (983).JPG,Apple___healthy,256,256,JPEG,RGB,False,healthy,test
dataset\Apple___Apple_scab\image (347).JPG,Apple___Apple_scab,256,256,JPEG,RGB,False,apple_scab,train
dataset\Apple___healthy\image (818).JPG,Apple___healthy,256,256,JPEG,RGB,False,healthy,train
dataset\Apple___Apple_scab\image (338).JPG,Apple___Apple_scab,256,256,JPEG,RGB,False,apple_scab,train
dataset\Apple___Black_rot\image (3).JPG,Apple___Black_rot,256,256,JPEG,RGB,False,black_rot,train
dataset\Apple___Black_rot\image (532).JPG,Apple___Black_rot,256,256,JPEG,RGB,False,black_rot,validation
dataset\Apple___healthy\image (657).JPG,Apple___healthy,256,256,JPEG,RGB,False,healthy,train
dataset\Apple___Cedar_apple_rust\image (64).JPG,Apple___Cedar_apple_rust,256,256,JPEG,RGB,False,cedar_rust,validation
dataset\Apple___Black_rot\image (586).JPG,Apple___Black_rot,256,256,JPEG,RGB,False,black_rot,train
dataset\Apple___healthy\image (169).JPG,Apple___healthy,256,256,JPEG,RGB,False,healthy,validation
dataset\Apple___Cedar_apple_rust\image (148).JPG,Apple___Cedar_apple_rust,256,256,JPEG,RGB,False,cedar_rust,train
dataset\Apple___healthy\image (820).JPG,Apple___healthy,256,256,JPEG,RGB,False,healthy,train
dataset\Apple___Apple_scab\image (88).JPG,Apple___Apple_scab,256,256,JPEG,RGB,False,apple_scab,train
dataset\Apple___Black_rot\image (317).JPG,Apple___Black_rot,256,256,JPEG,RGB,False,black_rot,train
dataset\Apple___Black_rot\image (405).JPG,Apple___Black_rot,256,256,JPEG,RGB,False,black_rot,train
dataset\Apple___Black_rot\image (367).JPG,Apple___Black_rot,256,256,JPEG,RGB,False,black_rot,train
dataset\Apple___Apple_scab\image (103).JPG,Apple___Apple_scab,256,256,JPEG,RGB,False,apple_scab,train
dataset\Apple___healthy\image (811).JPG,Apple___healthy,256,256,JPEG,RGB,False,healthy,train
dataset\Apple___healthy\image (331).JPG,Apple___healthy,256,256,JPEG,RGB,False,healthy,train
dataset\Apple___healthy\image (669).JPG,Apple___healthy,256,256,JPEG,RGB,False,healthy,train
dataset\Apple___healthy\image (264).JPG,Apple___healthy,256,256,JPEG,RGB,False,healthy,train
dataset\Apple___Apple_scab\image (585).JPG,Apple___Apple_scab,256,256,JPEG,RGB,False,apple_scab,train
dataset\Apple___healthy\image (389).JPG,Apple___healthy,256,256,JPEG,RGB,False,healthy,train
dataset\Apple___Apple_scab\image (224).JPG,Apple___Apple_scab,256,256,JPEG,RGB,False,apple_scab,train
dataset\Apple___healthy\image (1481).JPG,Apple___healthy,256,256,JPEG,RGB,False,healthy,train
dataset\Apple___Black_rot\image (554).JPG,Apple___Black_rot,256,256,JPEG,RGB,False,black_rot,train
dataset\Apple___healthy\image (1472).JPG,Apple___healthy,256,256,JPEG,RGB,False,healthy,validation
dataset\Apple___Apple_scab\image (98).JPG,Apple___Apple_scab,256,256,JPEG,RGB,False,apple_scab,train
dataset\Apple___Black_rot\image (420).JPG,Apple___Black_rot,256,256,JPEG,RGB,False,black_rot,validation
dataset\Apple___healthy\image (385).JPG,Apple___healthy,256,256,JPEG,RGB,False,healthy,train
dataset\Apple___healthy\image (1380).JPG,Apple___healthy,256,256,JPEG,RGB,False,healthy,train
dataset\Apple___healthy\image (1343).JPG,Apple___healthy,256,256,JPEG,RGB,False,healthy,validation
dataset\Apple___healthy\image (161).JPG,Apple___healthy,256,256,JPEG,RGB,False,healthy,train
dataset\Apple___Black_rot\image (561).JPG,Apple___Black_rot,256,256,JPEG,RGB,False,black_rot,train
dataset\Apple___Cedar_apple_rust\image (83).JPG,Apple___Cedar_apple_rust,256,256,JPEG,RGB,False,cedar_rust,train
dataset\Apple___healthy\image (990).JPG,Apple___healthy,256,256,JPEG,RGB,False,healthy,train
dataset\Apple___healthy\image (359).JPG,Apple___healthy,256,256,JPEG,RGB,False,healthy,validation
dataset\Apple___Black_rot\image (93).JPG,Apple___Black_rot,256,256,JPEG,RGB,False,black_rot,train
dataset\Apple___Black_rot\image (481).JPG,Apple___Black_rot,256,256,JPEG,RGB,False,black_rot,train
dataset\Apple___Apple_scab\image (339).JPG,Apple___Apple_scab,256,256,JPEG,RGB,False,apple_scab,train
dataset\Apple___healthy\image (1268).JPG,Apple___healthy,256,256,JPEG,RGB,False,healthy,train
dataset\Apple___healthy\image (417).JPG,Apple___healthy,256,256,JPEG,RGB,False,healthy,train
dataset\Apple___Cedar_apple_rust\image (34).JPG,Apple___Cedar_apple_rust,256,256,JPEG,RGB,False,cedar_rust,train
dataset\Apple___healthy\image (8).JPG,Apple___healthy,256,256,JPEG,RGB,False,healthy,train
dataset\Apple___healthy\image (928).JPG,Apple___healthy,256,256,JPEG,RGB,False,healthy,validation
dataset\Apple___Apple_scab\image (3).JPG,Apple___Apple_scab,256,256,JPEG,RGB,False,apple_scab,train
dataset\Apple___Apple_scab\image (273).JPG,Apple___Apple_scab,256,256,JPEG,RGB,False,apple_scab,train
dataset\Apple___healthy\image (840).JPG,Apple___healthy,256,256,JPEG,RGB,False,healthy,train
dataset\Apple___healthy\image (1578).JPG,Apple___healthy,256,256,JPEG,RGB,False,healthy,train
dataset\Apple___healthy\image (287).JPG,Apple___healthy,256,256,JPEG,RGB,False,healthy,train
dataset\Apple___Black_rot\image (145).JPG,Apple___Black_rot,256,256,JPEG,RGB,False,black_rot,train
dataset\Apple___healthy\image (1455).JPG,Apple___healthy,256,256,JPEG,RGB,False,healthy,train
dataset\Apple___healthy\image (510).JPG,Apple___healthy,256,256,JPEG,RGB,False,healthy,train
dataset\Apple___healthy\image (1344).JPG,Apple___healthy,256,256,JPEG,RGB,False,healthy,train
dataset\Apple___Apple_scab\image (436).JPG,Apple___Apple_scab,256,256,JPEG,RGB,False,apple_scab,train
dataset\Apple___Cedar_apple_rust\image (150).JPG,Apple___Cedar_apple_rust,256,256,JPEG,RGB,False,cedar_rust,train
dataset\Apple___Black_rot\image (426).JPG,Apple___Black_rot,256,256,JPEG,RGB,False,black_rot,train
dataset\Apple___healthy\image (1158).JPG,Apple___healthy,256,256,JPEG,RGB,False,healthy,train
dataset\Apple___healthy\image (547).JPG,Apple___healthy,256,256,JPEG,RGB,False,healthy,validation
dataset\Apple___Cedar_apple_rust\image (204).JPG,Apple___Cedar_apple_rust,256,256,JPEG,RGB,False,cedar_rust,train
dataset\Apple___Black_rot\image (284).JPG,Apple___Black_rot,256,256,JPEG,RGB,False,black_rot,train
dataset\Apple___Black_rot\image (295).JPG,Apple___Black_rot,256,256,JPEG,RGB,False,black_rot,train
dataset\Apple___healthy\image (236).JPG,Apple___healthy,256,256,JPEG,RGB,False,healthy,test
dataset\Apple___Apple_scab\image (314).JPG,Apple___Apple_scab,256,256,JPEG,RGB,False,apple_scab,train
dataset\Apple___healthy\image (1229).JPG,Apple___healthy,256,256,JPEG,RGB,False,healthy,train
dataset\Apple___healthy\image (917).JPG,Apple___healthy,256,256,JPEG,RGB,False,healthy,train
dataset\Apple___Black_rot\image (422).JPG,Apple___Black_rot,256,256,JPEG,RGB,False,black_rot,test
dataset\Apple___Apple_scab\image (190).JPG,Apple___Apple_scab,256,256,JPEG,RGB,False,apple_scab,train
dataset\Apple___Cedar_apple_rust\image (214).JPG,Apple___Cedar_apple_rust,256,256,JPEG,RGB,False,cedar_rust,train
dataset\Apple___healthy\image (323).JPG,Apple___healthy,256,256,JPEG,RGB,False,healthy,test
dataset\Apple___Black_rot\image (264).JPG,Apple___Black_rot,256,256,JPEG,RGB,False,black_rot,validation
dataset\Apple___Apple_scab\image (570).JPG,Apple___Apple_scab,256,256,JPEG,RGB,False,apple_scab,train
dataset\Apple___healthy\image (1036).JPG,Apple___healthy,256,256,JPEG,RGB,False,healthy,train
dataset\Apple___healthy\image (1177).JPG,Apple___healthy,256,256,JPEG,RGB,False,healthy,test
dataset\Apple___healthy\image (964).JPG,Apple___healthy,256,256,JPEG,RGB,False,healthy,train
dataset\Apple___healthy\image (760).JPG,Apple___healthy,256,256,JPEG,RGB,False,healthy,train
dataset\Apple___healthy\image (1470).JPG,Apple___healthy,256,256,JPEG,RGB,False,healthy,test
dataset\Apple___healthy\image (380).JPG,Apple___healthy,256,256,JPEG,RGB,False,healthy,validation
dataset\Apple___healthy\image (1389).JPG,Apple___healthy,256,256,JPEG,RGB,False,healthy,train
dataset\Apple___healthy\image (68).JPG,Apple___healthy,256,256,JPEG,RGB,False,healthy,validation
dataset\Apple___healthy\image (513).JPG,Apple___healthy,256,256,JPEG,RGB,False,healthy,train
dataset\Apple___Apple_scab\image (177).JPG,Apple___Apple_scab,256,256,JPEG,RGB,False,apple_scab,train
dataset\Apple___healthy\image (436).JPG,Apple___healthy,256,256,JPEG,RGB,False,healthy,train
dataset\Apple___healthy\image (1316).JPG,Apple___healthy,256,256,JPEG,RGB,False,healthy,train
dataset\Apple___Black_rot\image (200).JPG,Apple___Black_rot,256,256,JPEG,RGB,False,black_rot,train
dataset\Apple___Apple_scab\image (248).JPG,Apple___Apple_scab,256,256,JPEG,RGB,False,apple_scab,train
dataset\Apple___healthy\image (909).JPG,Apple___healthy,256,256,JPEG,RGB,False,healthy,train
dataset\Apple___healthy\image (476).JPG,Apple___healthy,256,256,JPEG,RGB,False,healthy,train
dataset\Apple___healthy\image (1300).JPG,Apple___healthy,256,256,JPEG,RGB,False,healthy,train
dataset\Apple___healthy\image (115).JPG,Apple___healthy,256,256,JPEG,RGB,False,healthy,train
dataset\Apple___healthy\image (1046).JPG,Apple___healthy,256,256,JPEG,RGB,False,healthy,train
dataset\Apple___healthy\image (771).JPG,Apple___healthy,256,256,JPEG,RGB,False,healthy,validation
dataset\Apple___Cedar_apple_rust\image (51).JPG,Apple___Cedar_apple_rust,256,256,JPEG,RGB,False,cedar_rust,train
dataset\Apple___healthy\image (1399).JPG,Apple___healthy,256,256,JPEG,RGB,False,healthy,validation
dataset\Apple___Black_rot\image (95).JPG,Apple___Black_rot,256,256,JPEG,RGB,False,black_rot,train
dataset\Apple___healthy\image (383).JPG,Apple___healthy,256,256,JPEG,RGB,False,healthy,train
dataset\Apple___healthy\image (108).JPG,Apple___healthy,256,256,JPEG,RGB,False,healthy,train
dataset\Apple___Black_rot\image (18).JPG,Apple___Black_rot,256,256,JPEG,RGB,False,black_rot,validation
dataset\Apple___Cedar_apple_rust\image (92).JPG,Apple___Cedar_apple_rust,256,256,JPEG,RGB,False,cedar_rust,train
dataset\Apple___Black_rot\image (201).JPG,Apple___Black_rot,256,256,JPEG,RGB,False,black_rot,train
dataset\Apple___Black_rot\image (376).JPG,Apple___Black_rot,256,256,JPEG,RGB,False,black_rot,validation
dataset\Apple___Apple_scab\image (185).JPG,Apple___Apple_scab,256,256,JPEG,RGB,False,apple_scab,validation
dataset\Apple___Cedar_apple_rust\image (129).JPG,Apple___Cedar_apple_rust,256,256,JPEG,RGB,False,cedar_rust,validation
dataset\Apple___Apple_scab\image (69).JPG,Apple___Apple_scab,256,256,JPEG,RGB,False,apple_scab,test
dataset\Apple___Black_rot\image (94).JPG,Apple___Black_rot,256,256,JPEG,RGB,False,black_rot,train
dataset\Apple___healthy\image (73).JPG,Apple___healthy,256,256,JPEG,RGB,False,healthy,test
dataset\Apple___healthy\image (399).JPG,Apple___healthy,256,256,JPEG,RGB,False,healthy,train
dataset\Apple___healthy\image (28).JPG,Apple___healthy,256,256,JPEG,RGB,False,healthy,test
dataset\Apple___Black_rot\image (36).JPG,Apple___Black_rot,256,256,JPEG,RGB,False,black_rot,train
dataset\Apple___healthy\image (1442).JPG,Apple___healthy,256,256,JPEG,RGB,False,healthy,test
dataset\Apple___Cedar_apple_rust\image (33).JPG,Apple___Cedar_apple_rust,256,256,JPEG,RGB,False,cedar_rust,train
dataset\Apple___Black_rot\image (82).JPG,Apple___Black_rot,256,256,JPEG,RGB,False,black_rot,train
dataset\Apple___healthy\image (1431).JPG,Apple___healthy,256,256,JPEG,RGB,False,healthy,train
dataset\Apple___healthy\image (445).JPG,Apple___healthy,256,256,JPEG,RGB,False,healthy,train
dataset\Apple___Cedar_apple_rust\image (187).JPG,Apple___Cedar_apple_rust,256,256,JPEG,RGB,False,cedar_rust,test
dataset\Apple___healthy\image (730).JPG,Apple___healthy,256,256,JPEG,RGB,False,healthy,train
dataset\Apple___Black_rot\image (473).JPG,Apple___Black_rot,256,256,JPEG,RGB,False,black_rot,train
dataset\Apple___Black_rot\image (193).JPG,Apple___Black_rot,256,256,JPEG,RGB,False,black_rot,test
dataset\Apple___Black_rot\image (315).JPG,Apple___Black_rot,256,256,JPEG,RGB,False,black_rot,train
dataset\Apple___healthy\image (1247).JPG,Apple___healthy,256,256,JPEG,RGB,False,healthy,train
dataset\Apple___healthy\image (220).JPG,Apple___healthy,256,256,JPEG,RGB,False,healthy,test
dataset\Apple___Cedar_apple_rust\image (259).JPG,Apple___Cedar_apple_rust,256,256,JPEG,RGB,False,cedar_rust,train
dataset\Apple___Apple_scab\image (448).JPG,Apple___Apple_scab,256,256,JPEG,RGB,False,apple_scab,test
dataset\Apple___Black_rot\image (406).JPG,Apple___Black_rot,256,256,JPEG,RGB,False,black_rot,train
dataset\Apple___healthy\image (1329).JPG,Apple___healthy,256,256,JPEG,RGB,False,healthy,train
dataset\Apple___Cedar_apple_rust\image (144).JPG,Apple___Cedar_apple_rust,256,256,JPEG,RGB,False,cedar_rust,train
dataset\Apple___Black_rot\image (356).JPG,Apple___Black_rot,256,256,JPEG,RGB,False,black_rot,validation
dataset\Apple___healthy\image (1306).JPG,Apple___healthy,256,256,JPEG,RGB,False,healthy,train
dataset\Apple___healthy\image (898).JPG,Apple___healthy,256,256,JPEG,RGB,False,healthy,train
dataset\Apple___healthy\image (680).JPG,Apple___healthy,256,256,JPEG,RGB,False,healthy,train
dataset\Apple___Cedar_apple_rust\image (66).JPG,Apple___Cedar_apple_rust,256,256,JPEG,RGB,False,cedar_rust,train
dataset\Apple___healthy\image (368).JPG,Apple___healthy,256,256,JPEG,RGB,False,healthy,train
dataset\Apple___healthy\image (1617).JPG,Apple___healthy,256,256,JPEG,RGB,False,healthy,test
dataset\Apple___Black_rot\image (496).JPG,Apple___Black_rot,256,256,JPEG,RGB,False,black_rot,validation
dataset\Apple___Black_rot\image (443).JPG,Apple___Black_rot,256,256,JPEG,RGB,False,black_rot,train
dataset\Apple___healthy\image (494).JPG,Apple___healthy,256,256,JPEG,RGB,False,healthy,train
dataset\Apple___Black_rot\image (222).JPG,Apple___Black_rot,256,256,JPEG,RGB,False,black_rot,validation
dataset\Apple___Black_rot\image (242).JPG,Apple___Black_rot,256,256,JPEG,RGB,False,black_rot,validation
dataset\Apple___Apple_scab\image (12).JPG,Apple___Apple_scab,256,256,JPEG,RGB,False,apple_scab,train
dataset\Apple___Black_rot\image (353).JPG,Apple___Black_rot,256,256,JPEG,RGB,False,black_rot,train
dataset\Apple___healthy\image (318).JPG,Apple___healthy,256,256,JPEG,RGB,False,healthy,validation
dataset\Apple___Black_rot\image (388).JPG,Apple___Black_rot,256,256,JPEG,RGB,False,black_rot,train
dataset\Apple___Cedar_apple_rust\image (13).JPG,Apple___Cedar_apple_rust,256,256,JPEG,RGB,False,cedar_rust,train
dataset\Apple___healthy\image (1577).JPG,Apple___healthy,256,256,JPEG,RGB,False,healthy,train
dataset\Apple___healthy\image (619).JPG,Apple___healthy,256,256,JPEG,RGB,False,healthy,train
dataset\Apple___healthy\image (635).JPG,Apple___healthy,256,256,JPEG,RGB,False,healthy,train
dataset\Apple___healthy\image (483).JPG,Apple___healthy,256,256,JPEG,RGB,False,healthy,validation
dataset\Apple___healthy\image (507).JPG,Apple___healthy,256,256,JPEG,RGB,False,healthy,validation
dataset\Apple___healthy\image (1213).JPG,Apple___healthy,256,256,JPEG,RGB,False,healthy,train
dataset\Apple___healthy\image (54).JPG,Apple___healthy,256,256,JPEG,RGB,False,healthy,train
dataset\Apple___healthy\image (178).JPG,Apple___healthy,256,256,JPEG,RGB,False,healthy,test
dataset\Apple___healthy\image (313).JPG,Apple___healthy,256,256,JPEG,RGB,False,healthy,train
dataset\Apple___healthy\image (1309).JPG,Apple___healthy,256,256,JPEG,RGB,False,healthy,train
dataset\Apple___healthy\image (1440).JPG,Apple___healthy,256,256,JPEG,RGB,False,healthy,validation
dataset\Apple___healthy\image (1171).JPG,Apple___healthy,256,256,JPEG,RGB,False,healthy,train
dataset\Apple___healthy\image (458).JPG,Apple___healthy,256,256,JPEG,RGB,False,healthy,train
dataset\Apple___Cedar_apple_rust\image (151).JPG,Apple___Cedar_apple_rust,256,256,JPEG,RGB,False,cedar_rust,test
dataset\Apple___Black_rot\image (186).JPG,Apple___Black_rot,256,256,JPEG,RGB,False,black_rot,train
dataset\Apple___Apple_scab\image (323).JPG,Apple___Apple_scab,256,256,JPEG,RGB,False,apple_scab,train
dataset\Apple___Apple_scab\image (521).JPG,Apple___Apple_scab,256,256,JPEG,RGB,False,apple_scab,train
dataset\Apple___Apple_scab\image (259).JPG,Apple___Apple_scab,256,256,JPEG,RGB,False,apple_scab,train
dataset\Apple___healthy\image (1211).JPG,Apple___healthy,256,256,JPEG,RGB,False,healthy,train
dataset\Apple___healthy\image (42).JPG,Apple___healthy,256,256,JPEG,RGB,False,healthy,train
dataset\Apple___Apple_scab\image (426).JPG,Apple___Apple_scab,256,256,JPEG,RGB,False,apple_scab,train
dataset\Apple___healthy\image (903).JPG,Apple___healthy,256,256,JPEG,RGB,False,healthy,test
dataset\Apple___healthy\image (1243).JPG,Apple___healthy,256,256,JPEG,RGB,False,healthy,train
dataset\Apple___healthy\image (418).JPG,Apple___healthy,256,256,JPEG,RGB,False,healthy,train
dataset\Apple___healthy\image (1324).JPG,Apple___healthy,256,256,JPEG,RGB,False,healthy,test
dataset\Apple___Apple_scab\image (52).JPG,Apple___Apple_scab,256,256,JPEG,RGB,False,apple_scab,test
dataset\Apple___Apple_scab\image (489).JPG,Apple___Apple_scab,256,256,JPEG,RGB,False,apple_scab,train
dataset\Apple___healthy\image (1257).JPG,Apple___healthy,256,256,JPEG,RGB,False,healthy,validation
dataset\Apple___healthy\image (1275).JPG,Apple___healthy,256,256,JPEG,RGB,False,healthy,validation
dataset\Apple___Cedar_apple_rust\image (78).JPG,Apple___Cedar_apple_rust,256,256,JPEG,RGB,False,cedar_rust,train
dataset\Apple___Black_rot\image (505).JPG,Apple___Black_rot,256,256,JPEG,RGB,False,black_rot,train
dataset\Apple___healthy\image (461).JPG,Apple___healthy,256,256,JPEG,RGB,False,healthy,test
dataset\Apple___Black_rot\image (122).JPG,Apple___Black_rot,256,256,JPEG,RGB,False,black_rot,train
dataset\Apple___healthy\image (22).JPG,Apple___healthy,256,256,JPEG,RGB,False,healthy,train
dataset\Apple___healthy\image (1503).JPG,Apple___healthy,256,256,JPEG,RGB,False,healthy,train
dataset\Apple___healthy\image (1148).JPG,Apple___healthy,256,256,JPEG,RGB,False,healthy,train
dataset\Apple___healthy\image (1088).JPG,Apple___healthy,256,256,JPEG,RGB,False,healthy,validation
dataset\Apple___Cedar_apple_rust\image (22).JPG,Apple___Cedar_apple_rust,256,256,JPEG,RGB,False,cedar_rust,train
dataset\Apple___Black_rot\image (13).JPG,Apple___Black_rot,256,256,JPEG,RGB,False,black_rot,train
dataset\Apple___healthy\image (1186).JPG,Apple___healthy,256,256,JPEG,RGB,False,healthy,train
dataset\Apple___Black_rot\image (258).JPG,Apple___Black_rot,256,256,JPEG,RGB,False,black_rot,validation
dataset\Apple___healthy\image (1231).JPG,Apple___healthy,256,256,JPEG,RGB,False,healthy,train
dataset\Apple___Black_rot\image (181).JPG,Apple___Black_rot,256,256,JPEG,RGB,False,black_rot,test
dataset\Apple___Apple_scab\image (61).JPG,Apple___Apple_scab,256,256,JPEG,RGB,False,apple_scab,train
dataset\Apple___healthy\image (1101).JPG,Apple___healthy,256,256,JPEG,RGB,False,healthy,validation
dataset\Apple___Apple_scab\image (168).JPG,Apple___Apple_scab,256,256,JPEG,RGB,False,apple_scab,train
dataset\Apple___healthy\image (1428).JPG,Apple___healthy,256,256,JPEG,RGB,False,healthy,validation
dataset\Apple___Black_rot\image (233).JPG,Apple___Black_rot,256,256,JPEG,RGB,False,black_rot,train
dataset\Apple___Apple_scab\image (329).JPG,Apple___Apple_scab,256,256,JPEG,RGB,False,apple_scab,train
dataset\Apple___Black_rot\image (517).JPG,Apple___Black_rot,256,256,JPEG,RGB,False,black_rot,train
dataset\Apple___healthy\image (521).JPG,Apple___healthy,256,256,JPEG,RGB,False,healthy,test
dataset\Apple___Black_rot\image (319).JPG,Apple___Black_rot,256,256,JPEG,RGB,False,black_rot,train
dataset\Apple___healthy\image (107).JPG,Apple___healthy,256,256,JPEG,RGB,False,healthy,train
dataset\Apple___Cedar_apple_rust\image (56).JPG,Apple___Cedar_apple_rust,256,256,JPEG,RGB,False,cedar_rust,train
dataset\Apple___Apple_scab\image (96).JPG,Apple___Apple_scab,256,256,JPEG,RGB,False,apple_scab,train
dataset\Apple___healthy\image (1122).JPG,Apple___healthy,256,256,JPEG,RGB,False,healthy,train
dataset\Apple___Apple_scab\image (432).JPG,Apple___Apple_scab,256,256,JPEG,RGB,False,apple_scab,train
dataset\Apple___Black_rot\image (66).JPG,Apple___Black_rot,256,256,JPEG,RGB,False,black_rot,test
dataset\Apple___healthy\image (976).JPG,Apple___healthy,256,256,JPEG,RGB,False,healthy,train
dataset\Apple___Apple_scab\image (149).JPG,Apple___Apple_scab,256,256,JPEG,RGB,False,apple_scab,train
dataset\Apple___healthy\image (762).JPG,Apple___healthy,256,256,JPEG,RGB,False,healthy,train
dataset\Apple___healthy\image (1317).JPG,Apple___healthy,256,256,JPEG,RGB,False,healthy,train
dataset\Apple___Apple_scab\image (278).JPG,Apple___Apple_scab,256,256,JPEG,RGB,False,apple_scab,train
dataset\Apple___healthy\image (733).JPG,Apple___healthy,256,256,JPEG,RGB,False,healthy,test
dataset\Apple___healthy\image (310).JPG,Apple___healthy,256,256,JPEG,RGB,False,healthy,test
dataset\Apple___healthy\image (184).JPG,Apple___healthy,256,256,JPEG,RGB,False,healthy,test
dataset\Apple___healthy\image (155).JPG,Apple___healthy,256,256,JPEG,RGB,False,healthy,train
dataset\Apple___Black_rot\image (187).JPG,Apple___Black_rot,256,256,JPEG,RGB,False,black_rot,validation
dataset\Apple___Black_rot\image (383).JPG,Apple___Black_rot,256,256,JPEG,RGB,False,black_rot,validation
dataset\Apple___Black_rot\image (31).JPG,Apple___Black_rot,256,256,JPEG,RGB,False,black_rot,validation
dataset\Apple___Apple_scab\image (359).JPG,Apple___Apple_scab,256,256,JPEG,RGB,False,apple_scab,validation
dataset\Apple___healthy\image (195).JPG,Apple___healthy,256,256,JPEG,RGB,False,healthy,validation
dataset\Apple___healthy\image (71).JPG,Apple___healthy,256,256,JPEG,RGB,False,healthy,validation
dataset\Apple___Apple_scab\image (410).JPG,Apple___Apple_scab,256,256,JPEG,RGB,False,apple_scab,train
dataset\Apple___healthy\image (1416).JPG,Apple___healthy,256,256,JPEG,RGB,False,healthy,train
dataset\Apple___healthy\image (1196).JPG,Apple___healthy,256,256,JPEG,RGB,False,healthy,train
dataset\Apple___healthy\image (261).JPG,Apple___healthy,256,256,JPEG,RGB,False,healthy,train
dataset\Apple___healthy\image (1537).JPG,Apple___healthy,256,256,JPEG,RGB,False,healthy,train
dataset\Apple___Black_rot\image (594).JPG,Apple___Black_rot,256,256,JPEG,RGB,False,black_rot,test
dataset\Apple___Black_rot\image (217).JPG,Apple___Black_rot,256,256,JPEG,RGB,False,black_rot,train
dataset\Apple___healthy\image (1512).JPG,Apple___healthy,256,256,JPEG,RGB,False,healthy,validation
dataset\Apple___Apple_scab\image (510).JPG,Apple___Apple_scab,256,256,JPEG,RGB,False,apple_scab,train
dataset\Apple___Apple_scab\image (502).JPG,Apple___Apple_scab,256,256,JPEG,RGB,False,apple_scab,train
dataset\Apple___healthy\image (1244).JPG,Apple___healthy,256,256,JPEG,RGB,False,healthy,test
dataset\Apple___Apple_scab\image (536).JPG,Apple___Apple_scab,256,256,JPEG,RGB,False,apple_scab,train
dataset\Apple___healthy\image (912).JPG,Apple___healthy,256,256,JPEG,RGB,False,healthy,train
dataset\Apple___Apple_scab\image (24).JPG,Apple___Apple_scab,256,256,JPEG,RGB,False,apple_scab,validation
dataset\Apple___healthy\image (1293).JPG,Apple___healthy,256,256,JPEG,RGB,False,healthy,validation
dataset\Apple___Apple_scab\image (520).JPG,Apple___Apple_scab,256,256,JPEG,RGB,False,apple_scab,test
dataset\Apple___healthy\image (447).JPG,Apple___healthy,256,256,JPEG,RGB,False,healthy,train
dataset\Apple___Black_rot\image (465).JPG,Apple___Black_rot,256,256,JPEG,RGB,False,black_rot,train
dataset\Apple___healthy\image (1100).JPG,Apple___healthy,256,256,JPEG,RGB,False,healthy,validation
dataset\Apple___healthy\image (1407).JPG,Apple___healthy,256,256,JPEG,RGB,False,healthy,test
dataset\Apple___healthy\image (838).JPG,Apple___healthy,256,256,JPEG,RGB,False,healthy,validation
dataset\Apple___Black_rot\image (146).JPG,Apple___Black_rot,256,256,JPEG,RGB,False,black_rot,test
dataset\Apple___healthy\image (783).JPG,Apple___healthy,256,256,JPEG,RGB,False,healthy,validation
dataset\Apple___Cedar_apple_rust\image (116).JPG,Apple___Cedar_apple_rust,256,256,JPEG,RGB,False,cedar_rust,validation
dataset\Apple___healthy\image (552).JPG,Apple___healthy,256,256,JPEG,RGB,False,healthy,train
dataset\Apple___healthy\image (1559).JPG,Apple___healthy,256,256,JPEG,RGB,False,healthy,train
dataset\Apple___healthy\image (749).JPG,Apple___healthy,256,256,JPEG,RGB,False,healthy,train
dataset\Apple___Black_rot\image (191).JPG,Apple___Black_rot,256,256,JPEG,RGB,False,black_rot,test
dataset\Apple___healthy\image (279).JPG,Apple___healthy,256,256,JPEG,RGB,False,healthy,train
dataset\Apple___Cedar_apple_rust\image (176).JPG,Apple___Cedar_apple_rust,256,256,JPEG,RGB,False,cedar_rust,test
dataset\Apple___healthy\image (769).JPG,Apple___healthy,256,256,JPEG,RGB,False,healthy,train
dataset\Apple___healthy\image (613).JPG,Apple___healthy,256,256,JPEG,RGB,False,healthy,train
dataset\Apple___healthy\image (965).JPG,Apple___healthy,256,256,JPEG,RGB,False,healthy,train
dataset\Apple___healthy\image (1545).JPG,Apple___healthy,256,256,JPEG,RGB,False,healthy,test
dataset\Apple___Apple_scab\image (241).JPG,Apple___Apple_scab,256,256,JPEG,RGB,False,apple_scab,train
dataset\Apple___Black_rot\image (281).JPG,Apple___Black_rot,256,256,JPEG,RGB,False,black_rot,validation
dataset\Apple___Apple_scab\image (533).JPG,Apple___Apple_scab,256,256,JPEG,RGB,False,apple_scab,test
dataset\Apple___Cedar_apple_rust\image (234).JPG,Apple___Cedar_apple_rust,256,256,JPEG,RGB,False,cedar_rust,train
dataset\Apple___healthy\image (371).JPG,Apple___healthy,256,256,JPEG,RGB,False,healthy,train
dataset\Apple___Apple_scab\image (367).JPG,Apple___Apple_scab,256,256,JPEG,RGB,False,apple_scab,train
dataset\Apple___healthy\image (1377).JPG,Apple___healthy,256,256,JPEG,RGB,False,healthy,train
dataset\Apple___healthy\image (1558).JPG,Apple___healthy,256,256,JPEG,RGB,False,healthy,train
dataset\Apple___healthy\image (652).JPG,Apple___healthy,256,256,JPEG,RGB,False,healthy,validation
dataset\Apple___Apple_scab\image (579).JPG,Apple___Apple_scab,256,256,JPEG,RGB,False,apple_scab,test
dataset\Apple___healthy\image (361).JPG,Apple___healthy,256,256,JPEG,RGB,False,healthy,train
dataset\Apple___healthy\image (245).JPG,Apple___healthy,256,256,JPEG,RGB,False,healthy,train
dataset\Apple___Black_rot\image (394).JPG,Apple___Black_rot,256,256,JPEG,RGB,False,black_rot,train
dataset\Apple___healthy\image (164).JPG,Apple___healthy,256,256,JPEG,RGB,False,healthy,train
dataset\Apple___Cedar_apple_rust\image (9).JPG,Apple___Cedar_apple_rust,256,256,JPEG,RGB,False,cedar_rust,test
dataset\Apple___healthy\image (1478).JPG,Apple___healthy,256,256,JPEG,RGB,False,healthy,test
dataset\Apple___healthy\image (336).JPG,Apple___healthy,256,256,JPEG,RGB,False,healthy,validation
dataset\Apple___healthy\image (338).JPG,Apple___healthy,256,256,JPEG,RGB,False,healthy,validation
dataset\Apple___Apple_scab\image (36).JPG,Apple___Apple_scab,256,256,JPEG,RGB,False,apple_scab,train
dataset\Apple___healthy\image (1539).JPG,Apple___healthy,256,256,JPEG,RGB,False,healthy,train
dataset\Apple___healthy\image (561).JPG,Apple___healthy,256,256,JPEG,RGB,False,healthy,train
dataset\Apple___Cedar_apple_rust\image (133).JPG,Apple___Cedar_apple_rust,256,256,JPEG,RGB,False,cedar_rust,train
dataset\Apple___Apple_scab\image (316).JPG,Apple___Apple_scab,256,256,JPEG,RGB,False,apple_scab,validation
dataset\Apple___Black_rot\image (511).JPG,Apple___Black_rot,256,256,JPEG,RGB,False,black_rot,validation
dataset\Apple___healthy\image (1507).JPG,Apple___healthy,256,256,JPEG,RGB,False,healthy,train
dataset\Apple___Black_rot\image (286).JPG,Apple___Black_rot,256,256,JPEG,RGB,False,black_rot,train
dataset\Apple___healthy\image (327).JPG,Apple___healthy,256,256,JPEG,RGB,False,healthy,train
dataset\Apple___Cedar_apple_rust\image (258).JPG,Apple___Cedar_apple_rust,256,256,JPEG,RGB,False,cedar_rust,train
dataset\Apple___healthy\image (36).JPG,Apple___healthy,256,256,JPEG,RGB,False,healthy,train
dataset\Apple___healthy\image (50).JPG,Apple___healthy,256,256,JPEG,RGB,False,healthy,train
dataset\Apple___Black_rot\image (351).JPG,Apple___Black_rot,256,256,JPEG,RGB,False,black_rot,test
dataset\Apple___healthy\image (1370).JPG,Apple___healthy,256,256,JPEG,RGB,False,healthy,validation
dataset\Apple___Apple_scab\image (398).JPG,Apple___Apple_scab,256,256,JPEG,RGB,False,apple_scab,train
dataset\Apple___healthy\image (1189).JPG,Apple___healthy,256,256,JPEG,RGB,False,healthy,train
dataset\Apple___healthy\image (626).JPG,Apple___healthy,256,256,JPEG,RGB,False,healthy,train
dataset\Apple___Black_rot\image (504).JPG,Apple___Black_rot,256,256,JPEG,RGB,False,black_rot,train
dataset\Apple___healthy\image (918).JPG,Apple___healthy,256,256,JPEG,RGB,False,healthy,train
dataset\Apple___Apple_scab\image (344).JPG,Apple___Apple_scab,256,256,JPEG,RGB,False,apple_scab,train
dataset\Apple___healthy\image (993).JPG,Apple___healthy,256,256,JPEG,RGB,False,healthy,train
dataset\Apple___Cedar_apple_rust\image (223).JPG,Apple___Cedar_apple_rust,256,256,JPEG,RGB,False,cedar_rust,train
dataset\Apple___Black_rot\image (442).JPG,Apple___Black_rot,256,256,JPEG,RGB,False,black_rot,train
dataset\Apple___healthy\image (16).JPG,Apple___healthy,256,256,JPEG,RGB,False,healthy,train
dataset\Apple___healthy\image (1038).JPG,Apple___healthy,256,256,JPEG,RGB,False,healthy,train
dataset\Apple___healthy\image (1414).JPG,Apple___healthy,256,256,JPEG,RGB,False,healthy,train
dataset\Apple___Apple_scab\image (285).JPG,Apple___Apple_scab,256,256,JPEG,RGB,False,apple_scab,test
dataset\Apple___healthy\image (1170).JPG,Apple___healthy,256,256,JPEG,RGB,False,healthy,validation
dataset\Apple___healthy\image (1488).JPG,Apple___healthy,256,256,JPEG,RGB,False,healthy,train
dataset\Apple___Cedar_apple_rust\image (233).JPG,Apple___Cedar_apple_rust,256,256,JPEG,RGB,False,cedar_rust,train
dataset\Apple___Apple_scab\image (601).JPG,Apple___Apple_scab,256,256,JPEG,RGB,False,apple_scab,validation
dataset\Apple___healthy\image (112).JPG,Apple___healthy,256,256,JPEG,RGB,False,healthy,train
dataset\Apple___healthy\image (233).JPG,Apple___healthy,256,256,JPEG,RGB,False,healthy,validation
dataset\Apple___healthy\image (658).JPG,Apple___healthy,256,256,JPEG,RGB,False,healthy,train
dataset\Apple___Black_rot\image (573).JPG,Apple___Black_rot,256,256,JPEG,RGB,False,black_rot,train
dataset\Apple___healthy\image (1627).JPG,Apple___healthy,256,256,JPEG,RGB,False,healthy,validation
dataset\Apple___Apple_scab\image (108).JPG,Apple___Apple_scab,256,256,JPEG,RGB,False,apple_scab,train
dataset\Apple___healthy\image (1536).JPG,Apple___healthy,256,256,JPEG,RGB,False,healthy,train
dataset\Apple___healthy\image (38).JPG,Apple___healthy,256,256,JPEG,RGB,False,healthy,validation
dataset\Apple___Black_rot\image (589).JPG,Apple___Black_rot,256,256,JPEG,RGB,False,black_rot,train
dataset\Apple___Black_rot\image (526).JPG,Apple___Black_rot,256,256,JPEG,RGB,False,black_rot,train
dataset\Apple___healthy\image (1348).JPG,Apple___healthy,256,256,JPEG,RGB,False,healthy,train
dataset\Apple___healthy\image (794).JPG,Apple___healthy,256,256,JPEG,RGB,False,healthy,train
dataset\Apple___healthy\image (66).JPG,Apple___healthy,256,256,JPEG,RGB,False,healthy,test
dataset\Apple___healthy\image (40).JPG,Apple___healthy,256,256,JPEG,RGB,False,healthy,test
dataset\Apple___Black_rot\image (432).JPG,Apple___Black_rot,256,256,JPEG,RGB,False,black_rot,validation
dataset\Apple___healthy\image (910).JPG,Apple___healthy,256,256,JPEG,RGB,False,healthy,train
dataset\Apple___Apple_scab\image (49).JPG,Apple___Apple_scab,256,256,JPEG,RGB,False,apple_scab,train
dataset\Apple___healthy\image (988).JPG,Apple___healthy,256,256,JPEG,RGB,False,healthy,train
dataset\Apple___healthy\image (65).JPG,Apple___healthy,256,256,JPEG,RGB,False,healthy,train
dataset\Apple___healthy\image (813).JPG,Apple___healthy,256,256,JPEG,RGB,False,healthy,train
dataset\Apple___Apple_scab\image (4).JPG,Apple___Apple_scab,256,256,JPEG,RGB,False,apple_scab,train
dataset\Apple___healthy\image (999).JPG,Apple___healthy,256,256,JPEG,RGB,False,healthy,train
dataset\Apple___healthy\image (61).JPG,Apple___healthy,256,256,JPEG,RGB,False,healthy,train
dataset\Apple___Apple_scab\image (429).JPG,Apple___Apple_scab,256,256,JPEG,RGB,False,apple_scab,validation
dataset\Apple___Apple_scab\image (9).JPG,Apple___Apple_scab,256,256,JPEG,RGB,False,apple_scab,test
dataset\Apple___Black_rot\image (279).JPG,Apple___Black_rot,256,256,JPEG,RGB,False,black_rot,train
dataset\Apple___healthy\image (654).JPG,Apple___healthy,256,256,JPEG,RGB,False,healthy,test
dataset\Apple___healthy\image (682).JPG,Apple___healthy,256,256,JPEG,RGB,False,healthy,validation
dataset\Apple___healthy\image (1228).JPG,Apple___healthy,256,256,JPEG,RGB,False,healthy,train
dataset\Apple___Black_rot\image (374).JPG,Apple___Black_rot,256,256,JPEG,RGB,False,black_rot,test
dataset\Apple___healthy\image (633).JPG,Apple___healthy,256,256,JPEG,RGB,False,healthy,test
dataset\Apple___Apple_scab\image (274).JPG,Apple___Apple_scab,256,256,JPEG,RGB,False,apple_scab,train
dataset\Apple___Black_rot\image (220).JPG,Apple___Black_rot,256,256,JPEG,RGB,False,black_rot,train
dataset\Apple___healthy\image (1207).JPG,Apple___healthy,256,256,JPEG,RGB,False,healthy,train
dataset\Apple___healthy\image (2).JPG,Apple___healthy,256,256,JPEG,RGB,False,healthy,test
dataset\Apple___healthy\image (580).JPG,Apple___healthy,256,256,JPEG,RGB,False,healthy,train
dataset\Apple___Black_rot\image (364).JPG,Apple___Black_rot,256,256,JPEG,RGB,False,black_rot,train
dataset\Apple___healthy\image (1547).JPG,Apple___healthy,256,256,JPEG,RGB,False,healthy,train
dataset\Apple___healthy\image (1294).JPG,Apple___healthy,256,256,JPEG,RGB,False,healthy,test
dataset\Apple___Cedar_apple_rust\image (270).JPG,Apple___Cedar_apple_rust,256,256,JPEG,RGB,False,cedar_rust,train
dataset\Apple___healthy\image (1391).JPG,Apple___healthy,256,256,JPEG,RGB,False,healthy,train
dataset\Apple___healthy\image (1276).JPG,Apple___healthy,256,256,JPEG,RGB,False,healthy,validation
dataset\Apple___healthy\image (873).JPG,Apple___healthy,256,256,JPEG,RGB,False,healthy,train
dataset\Apple___healthy\image (27).JPG,Apple___healthy,256,256,JPEG,RGB,False,healthy,train
dataset\Apple___healthy\image (889).JPG,Apple___healthy,256,256,JPEG,RGB,False,healthy,train
dataset\Apple___healthy\image (501).JPG,Apple___healthy,256,256,JPEG,RGB,False,healthy,train
dataset\Apple___Apple_scab\image (326).JPG,Apple___Apple_scab,256,256,JPEG,RGB,False,apple_scab,test
dataset\Apple___healthy\image (328).JPG,Apple___healthy,256,256,JPEG,RGB,False,healthy,train
dataset\Apple___healthy\image (560).JPG,Apple___healthy,256,256,JPEG,RGB,False,healthy,train
dataset\Apple___Black_rot\image (347).JPG,Apple___Black_rot,256,256,JPEG,RGB,False,black_rot,train
dataset\Apple___Black_rot\image (524).JPG,Apple___Black_rot,256,256,JPEG,RGB,False,black_rot,validation
dataset\Apple___healthy\image (1382).JPG,Apple___healthy,256,256,JPEG,RGB,False,healthy,test
dataset\Apple___healthy\image (914).JPG,Apple___healthy,256,256,JPEG,RGB,False,healthy,validation
dataset\Apple___healthy\image (891).JPG,Apple___healthy,256,256,JPEG,RGB,False,healthy,train
dataset\Apple___healthy\image (1353).JPG,Apple___healthy,256,256,JPEG,RGB,False,healthy,test
dataset\Apple___healthy\image (721).JPG,Apple___healthy,256,256,JPEG,RGB,False,healthy,train
dataset\Apple___Cedar_apple_rust\image (50).JPG,Apple___Cedar_apple_rust,256,256,JPEG,RGB,False,cedar_rust,validation
dataset\Apple___Black_rot\image (278).JPG,Apple___Black_rot,256,256,JPEG,RGB,False,black_rot,train
dataset\Apple___healthy\image (227).JPG,Apple___healthy,256,256,JPEG,RGB,False,healthy,train
dataset\Apple___healthy\image (1025).JPG,Apple___healthy,256,256,JPEG,RGB,False,healthy,train
dataset\Apple___healthy\image (1259).JPG,Apple___healthy,256,256,JPEG,RGB,False,healthy,train
dataset\Apple___healthy\image (52).JPG,Apple___healthy,256,256,JPEG,RGB,False,healthy,train
dataset\Apple___healthy\image (1562).JPG,Apple___healthy,256,256,JPEG,RGB,False,healthy,train
dataset\Apple___Cedar_apple_rust\image (194).JPG,Apple___Cedar_apple_rust,256,256,JPEG,RGB,False,cedar_rust,validation
dataset\Apple___healthy\image (167).JPG,Apple___healthy,256,256,JPEG,RGB,False,healthy,train
dataset\Apple___Black_rot\image (305).JPG,Apple___Black_rot,256,256,JPEG,RGB,False,black_rot,train
dataset\Apple___Cedar_apple_rust\image (192).JPG,Apple___Cedar_apple_rust,256,256,JPEG,RGB,False,cedar_rust,train
dataset\Apple___healthy\image (1112).JPG,Apple___healthy,256,256,JPEG,RGB,False,healthy,train
dataset\Apple___healthy\image (1501).JPG,Apple___healthy,256,256,JPEG,RGB,False,healthy,train
dataset\Apple___healthy\image (147).JPG,Apple___healthy,256,256,JPEG,RGB,False,healthy,train
dataset\Apple___Apple_scab\image (28).JPG,Apple___Apple_scab,256,256,JPEG,RGB,False,apple_scab,test
dataset\Apple___Apple_scab\image (540).JPG,Apple___Apple_scab,256,256,JPEG,RGB,False,apple_scab,train
dataset\Apple___Apple_scab\image (528).JPG,Apple___Apple_scab,256,256,JPEG,RGB,False,apple_scab,test
dataset\Apple___healthy\image (149).JPG,Apple___healthy,256,256,JPEG,RGB,False,healthy,train
dataset\Apple___healthy\image (799).JPG,Apple___healthy,256,256,JPEG,RGB,False,healthy,train
dataset\Apple___Apple_scab\image (619).JPG,Apple___Apple_scab,256,256,JPEG,RGB,False,apple_scab,train
dataset\Apple___healthy\image (367).JPG,Apple___healthy,256,256,JPEG,RGB,False,healthy,train
dataset\Apple___Apple_scab\image (111).JPG,Apple___Apple_scab,256,256,JPEG,RGB,False,apple_scab,test
dataset\Apple___healthy\image (1095).JPG,Apple___healthy,256,256,JPEG,RGB,False,healthy,train
dataset\Apple___healthy\image (864).JPG,Apple___healthy,256,256,JPEG,RGB,False,healthy,train
dataset\Apple___Black_rot\image (606).JPG,Apple___Black_rot,256,256,JPEG,RGB,False,black_rot,test
dataset\Apple___Apple_scab\image (169).JPG,Apple___Apple_scab,256,256,JPEG,RGB,False,apple_scab,train
dataset\Apple___Cedar_apple_rust\image (30).JPG,Apple___Cedar_apple_rust,256,256,JPEG,RGB,False,cedar_rust,train
dataset\Apple___Cedar_apple_rust\image (137).JPG,Apple___Cedar_apple_rust,256,256,JPEG,RGB,False,cedar_rust,train
dataset\Apple___Black_rot\image (386).JPG,Apple___Black_rot,256,256,JPEG,RGB,False,black_rot,train
dataset\Apple___Apple_scab\image (396).JPG,Apple___Apple_scab,256,256,JPEG,RGB,False,apple_scab,train
dataset\Apple___healthy\image (1104).JPG,Apple___healthy,256,256,JPEG,RGB,False,healthy,test
dataset\Apple___healthy\image (824).JPG,Apple___healthy,256,256,JPEG,RGB,False,healthy,validation
dataset\Apple___healthy\image (1376).JPG,Apple___healthy,256,256,JPEG,RGB,False,healthy,test
dataset\Apple___Apple_scab\image (441).JPG,Apple___Apple_scab,256,256,JPEG,RGB,False,apple_scab,train
dataset\Apple___healthy\image (906).JPG,Apple___healthy,256,256,JPEG,RGB,False,healthy,test
dataset\Apple___healthy\image (141).JPG,Apple___healthy,256,256,JPEG,RGB,False,healthy,train
dataset\Apple___Cedar_apple_rust\image (7).JPG,Apple___Cedar_apple_rust,256,256,JPEG,RGB,False,cedar_rust,train
dataset\Apple___Black_rot\image (456).JPG,Apple___Black_rot,256,256,JPEG,RGB,False,black_rot,train
dataset\Apple___healthy\image (599).JPG,Apple___healthy,256,256,JPEG,RGB,False,healthy,train
dataset\Apple___Black_rot\image (355).JPG,Apple___Black_rot,256,256,JPEG,RGB,False,black_rot,test
dataset\Apple___Apple_scab\image (299).JPG,Apple___Apple_scab,256,256,JPEG,RGB,False,apple_scab,test
dataset\Apple___healthy\image (627).JPG,Apple___healthy,256,256,JPEG,RGB,False,healthy,train
dataset\Apple___healthy\image (1195).JPG,Apple___healthy,256,256,JPEG,RGB,False,healthy,train
dataset\Apple___Apple_scab\image (433).JPG,Apple___Apple_scab,256,256,JPEG,RGB,False,apple_scab,train
dataset\Apple___healthy\image (177).JPG,Apple___healthy,256,256,JPEG,RGB,False,healthy,train
dataset\Apple___healthy\image (1590).JPG,Apple___healthy,256,256,JPEG,RGB,False,healthy,train
dataset\Apple___Cedar_apple_rust\image (275).JPG,Apple___Cedar_apple_rust,256,256,JPEG,RGB,False,cedar_rust,train
dataset\Apple___healthy\image (1605).JPG,Apple___healthy,256,256,JPEG,RGB,False,healthy,train
dataset\Apple___Apple_scab\image (221).JPG,Apple___Apple_scab,256,256,JPEG,RGB,False,apple_scab,validation
dataset\Apple___Black_rot\image (427).JPG,Apple___Black_rot,256,256,JPEG,RGB,False,black_rot,train
dataset\Apple___healthy\image (1388).JPG,Apple___healthy,256,256,JPEG,RGB,False,healthy,train
dataset\Apple___healthy\image (101).JPG,Apple___healthy,256,256,JPEG,RGB,False,healthy,test
dataset\Apple___Cedar_apple_rust\image (230).JPG,Apple___Cedar_apple_rust,256,256,JPEG,RGB,False,cedar_rust,train
dataset\Apple___Apple_scab\image (545).JPG,Apple___Apple_scab,256,256,JPEG,RGB,False,apple_scab,validation
dataset\Apple___Black_rot\image (331).JPG,Apple___Black_rot,256,256,JPEG,RGB,False,black_rot,test
dataset\Apple___Black_rot\image (494).JPG,Apple___Black_rot,256,256,JPEG,RGB,False,black_rot,train
dataset\Apple___Cedar_apple_rust\image (200).JPG,Apple___Cedar_apple_rust,256,256,JPEG,RGB,False,cedar_rust,test
dataset\Apple___Apple_scab\image (186).JPG,Apple___Apple_scab,256,256,JPEG,RGB,False,apple_scab,train
dataset\Apple___healthy\image (304).JPG,Apple___healthy,256,256,JPEG,RGB,False,healthy,train
dataset\Apple___healthy\image (1031).JPG,Apple___healthy,256,256,JPEG,RGB,False,healthy,test
dataset\Apple___healthy\image (1385).JPG,Apple___healthy,256,256,JPEG,RGB,False,healthy,validation
dataset\Apple___healthy\image (354).JPG,Apple___healthy,256,256,JPEG,RGB,False,healthy,train
dataset\Apple___Cedar_apple_rust\image (171).JPG,Apple___Cedar_apple_rust,256,256,JPEG,RGB,False,cedar_rust,validation
dataset\Apple___healthy\image (70).JPG,Apple___healthy,256,256,JPEG,RGB,False,healthy,train
dataset\Apple___healthy\image (770).JPG,Apple___healthy,256,256,JPEG,RGB,False,healthy,train
dataset\Apple___healthy\image (1283).JPG,Apple___healthy,256,256,JPEG,RGB,False,healthy,validation
dataset\Apple___Apple_scab\image (173).JPG,Apple___Apple_scab,256,256,JPEG,RGB,False,apple_scab,train
dataset\Apple___Black_rot\image (51).JPG,Apple___Black_rot,256,256,JPEG,RGB,False,black_rot,validation
dataset\Apple___healthy\image (312).JPG,Apple___healthy,256,256,JPEG,RGB,False,healthy,train
dataset\Apple___Apple_scab\image (317).JPG,Apple___Apple_scab,256,256,JPEG,RGB,False,apple_scab,test
dataset\Apple___healthy\image (432).JPG,Apple___healthy,256,256,JPEG,RGB,False,healthy,validation
dataset\Apple___Apple_scab\image (172).JPG,Apple___Apple_scab,256,256,JPEG,RGB,False,apple_scab,train
dataset\Apple___Apple_scab\image (590).JPG,Apple___Apple_scab,256,256,JPEG,RGB,False,apple_scab,train
dataset\Apple___Apple_scab\image (178).JPG,Apple___Apple_scab,256,256,JPEG,RGB,False,apple_scab,validation
dataset\Apple___healthy\image (153).JPG,Apple___healthy,256,256,JPEG,RGB,False,healthy,train
dataset\Apple___healthy\image (1526).JPG,Apple___healthy,256,256,JPEG,RGB,False,healthy,validation
dataset\Apple___Black_rot\image (553).JPG,Apple___Black_rot,256,256,JPEG,RGB,False,black_rot,train
dataset\Apple___healthy\image (440).JPG,Apple___healthy,256,256,JPEG,RGB,False,healthy,train
dataset\Apple___healthy\image (786).JPG,Apple___healthy,256,256,JPEG,RGB,False,healthy,test
dataset\Apple___Black_rot\image (274).JPG,Apple___Black_rot,256,256,JPEG,RGB,False,black_rot,test
dataset\Apple___healthy\image (1351).JPG,Apple___healthy,256,256,JPEG,RGB,False,healthy,train
dataset\Apple___Apple_scab\image (488).JPG,Apple___Apple_scab,256,256,JPEG,RGB,False,apple_scab,train
dataset\Apple___Cedar_apple_rust\image (256).JPG,Apple___Cedar_apple_rust,256,256,JPEG,RGB,False,cedar_rust,train
dataset\Apple___healthy\image (3).JPG,Apple___healthy,256,256,JPEG,RGB,False,healthy,validation
dataset\Apple___Black_rot\image (80).JPG,Apple___Black_rot,256,256,JPEG,RGB,False,black_rot,train
dataset\Apple___Cedar_apple_rust\image (178).JPG,Apple___Cedar_apple_rust,256,256,JPEG,RGB,False,cedar_rust,train
dataset\Apple___healthy\image (953).JPG,Apple___healthy,256,256,JPEG,RGB,False,healthy,train
dataset\Apple___healthy\image (1065).JPG,Apple___healthy,256,256,JPEG,RGB,False,healthy,train
dataset\Apple___healthy\image (777).JPG,Apple___healthy,256,256,JPEG,RGB,False,healthy,test
dataset\Apple___Cedar_apple_rust\image (210).JPG,Apple___Cedar_apple_rust,256,256,JPEG,RGB,False,cedar_rust,train
dataset\Apple___Black_rot\image (539).JPG,Apple___Black_rot,256,256,JPEG,RGB,False,black_rot,test
dataset\Apple___Black_rot\image (144).JPG,Apple___Black_rot,256,256,JPEG,RGB,False,black_rot,test
dataset\Apple___healthy\image (1176).JPG,Apple___healthy,256,256,JPEG,RGB,False,healthy,validation
dataset\Apple___healthy\image (405).JPG,Apple___healthy,256,256,JPEG,RGB,False,healthy,validation
dataset\Apple___Black_rot\image (568).JPG,Apple___Black_rot,256,256,JPEG,RGB,False,black_rot,test
dataset\Apple___healthy\image (1260).JPG,Apple___healthy,256,256,JPEG,RGB,False,healthy,train
dataset\Apple___healthy\image (485).JPG,Apple___healthy,256,256,JPEG,RGB,False,healthy,train
dataset\Apple___healthy\image (1563).JPG,Apple___healthy,256,256,JPEG,RGB,False,healthy,train
dataset\Apple___healthy\image (512).JPG,Apple___healthy,256,256,JPEG,RGB,False,healthy,train
dataset\Apple___healthy\image (1486).JPG,Apple___healthy,256,256,JPEG,RGB,False,healthy,train
dataset\Apple___Apple_scab\image (23).JPG,Apple___Apple_scab,256,256,JPEG,RGB,False,apple_scab,train
dataset\Apple___Apple_scab\image (470).JPG,Apple___Apple_scab,256,256,JPEG,RGB,False,apple_scab,train
dataset\Apple___healthy\image (802).JPG,Apple___healthy,256,256,JPEG,RGB,False,healthy,train
dataset\Apple___Apple_scab\image (560).JPG,Apple___Apple_scab,256,256,JPEG,RGB,False,apple_scab,test
dataset\Apple___Apple_scab\image (599).JPG,Apple___Apple_scab,256,256,JPEG,RGB,False,apple_scab,train
dataset\Apple___healthy\image (869).JPG,Apple___healthy,256,256,JPEG,RGB,False,healthy,test
dataset\Apple___healthy\image (697).JPG,Apple___healthy,256,256,JPEG,RGB,False,healthy,train
dataset\Apple___healthy\image (1007).JPG,Apple___healthy,256,256,JPEG,RGB,False,healthy,test
dataset\Apple___Black_rot\image (501).JPG,Apple___Black_rot,256,256,JPEG,RGB,False,black_rot,train
dataset\Apple___healthy\image (290).JPG,Apple___healthy,256,256,JPEG,RGB,False,healthy,test
dataset\Apple___Black_rot\image (466).JPG,Apple___Black_rot,256,256,JPEG,RGB,False,black_rot,validation
dataset\Apple___Cedar_apple_rust\image (101).JPG,Apple___Cedar_apple_rust,256,256,JPEG,RGB,False,cedar_rust,test
dataset\Apple___Black_rot\image (384).JPG,Apple___Black_rot,256,256,JPEG,RGB,False,black_rot,test
dataset\Apple___Apple_scab\image (627).JPG,Apple___Apple_scab,256,256,JPEG,RGB,False,apple_scab,validation
dataset\Apple___Apple_scab\image (335).JPG,Apple___Apple_scab,256,256,JPEG,RGB,False,apple_scab,train
dataset\Apple___healthy\image (7).JPG,Apple___healthy,256,256,JPEG,RGB,False,healthy,train
dataset\Apple___healthy\image (1118).JPG,Apple___healthy,256,256,JPEG,RGB,False,healthy,train
dataset\Apple___Cedar_apple_rust\image (55).JPG,Apple___Cedar_apple_rust,256,256,JPEG,RGB,False,cedar_rust,train
dataset\Apple___Apple_scab\image (368).JPG,Apple___Apple_scab,256,256,JPEG,RGB,False,apple_scab,train
dataset\Apple___healthy\image (1483).JPG,Apple___healthy,256,256,JPEG,RGB,False,healthy,train
dataset\Apple___Apple_scab\image (564).JPG,Apple___Apple_scab,256,256,JPEG,RGB,False,apple_scab,train
dataset\Apple___Black_rot\image (172).JPG,Apple___Black_rot,256,256,JPEG,RGB,False,black_rot,train
dataset\Apple___healthy\image (1613).JPG,Apple___healthy,256,256,JPEG,RGB,False,healthy,train
dataset\Apple___Apple_scab\image (269).JPG,Apple___Apple_scab,256,256,JPEG,RGB,False,apple_scab,train
dataset\Apple___Apple_scab\image (416).JPG,Apple___Apple_scab,256,256,JPEG,RGB,False,apple_scab,train
dataset\Apple___Black_rot\image (536).JPG,Apple___Black_rot,256,256,JPEG,RGB,False,black_rot,train
dataset\Apple___Apple_scab\image (38).JPG,Apple___Apple_scab,256,256,JPEG,RGB,False,apple_scab,train
dataset\Apple___Cedar_apple_rust\image (76).JPG,Apple___Cedar_apple_rust,256,256,JPEG,RGB,False,cedar_rust,train
dataset\Apple___Apple_scab\image (346).JPG,Apple___Apple_scab,256,256,JPEG,RGB,False,apple_scab,train
dataset\Apple___Black_rot\image (235).JPG,Apple___Black_rot,256,256,JPEG,RGB,False,black_rot,train
dataset\Apple___Cedar_apple_rust\image (229).JPG,Apple___Cedar_apple_rust,256,256,JPEG,RGB,False,cedar_rust,test
dataset\Apple___Apple_scab\image (373).JPG,Apple___Apple_scab,256,256,JPEG,RGB,False,apple_scab,train
dataset\Apple___healthy\image (1607).JPG,Apple___healthy,256,256,JPEG,RGB,False,healthy,train
dataset\Apple___healthy\image (1230).JPG,Apple___healthy,256,256,JPEG,RGB,False,healthy,train
dataset\Apple___Apple_scab\image (392).JPG,Apple___Apple_scab,256,256,JPEG,RGB,False,apple_scab,train
dataset\Apple___healthy\image (1588).JPG,Apple___healthy,256,256,JPEG,RGB,False,healthy,train
dataset\Apple___healthy\image (623).JPG,Apple___healthy,256,256,JPEG,RGB,False,healthy,train
dataset\Apple___healthy\image (1599).JPG,Apple___healthy,256,256,JPEG,RGB,False,healthy,train
dataset\Apple___healthy\image (1358).JPG,Apple___healthy,256,256,JPEG,RGB,False,healthy,train
dataset\Apple___Cedar_apple_rust\image (189).JPG,Apple___Cedar_apple_rust,256,256,JPEG,RGB,False,cedar_rust,validation
dataset\Apple___Apple_scab\image (354).JPG,Apple___Apple_scab,256,256,JPEG,RGB,False,apple_scab,test
dataset\Apple___Black_rot\image (521).JPG,Apple___Black_rot,256,256,JPEG,RGB,False,black_rot,train
dataset\Apple___Apple_scab\image (557).JPG,Apple___Apple_scab,256,256,JPEG,RGB,False,apple_scab,test
dataset\Apple___Black_rot\image (224).JPG,Apple___Black_rot,256,256,JPEG,RGB,False,black_rot,train
dataset\Apple___Black_rot\image (90).JPG,Apple___Black_rot,256,256,JPEG,RGB,False,black_rot,train
dataset\Apple___Apple_scab\image (608).JPG,Apple___Apple_scab,256,256,JPEG,RGB,False,apple_scab,validation
dataset\Apple___healthy\image (534).JPG,Apple___healthy,256,256,JPEG,RGB,False,healthy,validation
dataset\Apple___healthy\image (1082).JPG,Apple___healthy,256,256,JPEG,RGB,False,healthy,train
dataset\Apple___Apple_scab\image (468).JPG,Apple___Apple_scab,256,256,JPEG,RGB,False,apple_scab,train
dataset\Apple___healthy\image (488).JPG,Apple___healthy,256,256,JPEG,RGB,False,healthy,train
dataset\Apple___healthy\image (1252).JPG,Apple___healthy,256,256,JPEG,RGB,False,healthy,train
dataset\Apple___Cedar_apple_rust\image (191).JPG,Apple___Cedar_apple_rust,256,256,JPEG,RGB,False,cedar_rust,test
dataset\Apple___Black_rot\image (458).JPG,Apple___Black_rot,256,256,JPEG,RGB,False,black_rot,train
dataset\Apple___healthy\image (1508).JPG,Apple___healthy,256,256,JPEG,RGB,False,healthy,train
dataset\Apple___Cedar_apple_rust\image (88).JPG,Apple___Cedar_apple_rust,256,256,JPEG,RGB,False,cedar_rust,train
dataset\Apple___healthy\image (217).JPG,Apple___healthy,256,256,JPEG,RGB,False,healthy,train
dataset\Apple___healthy\image (1039).JPG,Apple___healthy,256,256,JPEG,RGB,False,healthy,train
dataset\Apple___Apple_scab\image (231).JPG,Apple___Apple_scab,256,256,JPEG,RGB,False,apple_scab,train
dataset\Apple___Apple_scab\image (14).JPG,Apple___Apple_scab,256,256,JPEG,RGB,False,apple_scab,train
dataset\Apple___Black_rot\image (312).JPG,Apple___Black_rot,256,256,JPEG,RGB,False,black_rot,train
dataset\Apple___healthy\image (1070).JPG,Apple___healthy,256,256,JPEG,RGB,False,healthy,train
dataset\Apple___healthy\image (1542).JPG,Apple___healthy,256,256,JPEG,RGB,False,healthy,train
dataset\Apple___Apple_scab\image (137).JPG,Apple___Apple_scab,256,256,JPEG,RGB,False,apple_scab,train
dataset\Apple___Apple_scab\image (492).JPG,Apple___Apple_scab,256,256,JPEG,RGB,False,apple_scab,train
dataset\Apple___Apple_scab\image (242).JPG,Apple___Apple_scab,256,256,JPEG,RGB,False,apple_scab,validation
dataset\Apple___Apple_scab\image (89).JPG,Apple___Apple_scab,256,256,JPEG,RGB,False,apple_scab,train
dataset\Apple___healthy\image (43).JPG,Apple___healthy,256,256,JPEG,RGB,False,healthy,train
dataset\Apple___Black_rot\image (163).JPG,Apple___Black_rot,256,256,JPEG,RGB,False,black_rot,test
dataset\Apple___Black_rot\image (576).JPG,Apple___Black_rot,256,256,JPEG,RGB,False,black_rot,train
dataset\Apple___Apple_scab\image (7).JPG,Apple___Apple_scab,256,256,JPEG,RGB,False,apple_scab,test
dataset\Apple___Apple_scab\image (57).JPG,Apple___Apple_scab,256,256,JPEG,RGB,False,apple_scab,train
dataset\Apple___healthy\image (57).JPG,Apple___healthy,256,256,JPEG,RGB,False,healthy,train
dataset\Apple___healthy\image (435).JPG,Apple___healthy,256,256,JPEG,RGB,False,healthy,validation
dataset\Apple___Cedar_apple_rust\image (18).JPG,Apple___Cedar_apple_rust,256,256,JPEG,RGB,False,cedar_rust,train
dataset\Apple___Apple_scab\image (21).JPG,Apple___Apple_scab,256,256,JPEG,RGB,False,apple_scab,train
dataset\Apple___Apple_scab\image (166).JPG,Apple___Apple_scab,256,256,JPEG,RGB,False,apple_scab,train
dataset\Apple___healthy\image (123).JPG,Apple___healthy,256,256,JPEG,RGB,False,healthy,train
dataset\Apple___Cedar_apple_rust\image (71).JPG,Apple___Cedar_apple_rust,256,256,JPEG,RGB,False,cedar_rust,train
dataset\Apple___Apple_scab\image (438).JPG,Apple___Apple_scab,256,256,JPEG,RGB,False,apple_scab,validation
dataset\Apple___healthy\image (1090).JPG,Apple___healthy,256,256,JPEG,RGB,False,healthy,train
dataset\Apple___healthy\image (511).JPG,Apple___healthy,256,256,JPEG,RGB,False,healthy,train
dataset\Apple___Black_rot\image (221).JPG,Apple___Black_rot,256,256,JPEG,RGB,False,black_rot,train
dataset\Apple___healthy\image (615).JPG,Apple___healthy,256,256,JPEG,RGB,False,healthy,train
dataset\Apple___healthy\image (1273).JPG,Apple___healthy,256,256,JPEG,RGB,False,healthy,test
dataset\Apple___Apple_scab\image (327).JPG,Apple___Apple_scab,256,256,JPEG,RGB,False,apple_scab,train
dataset\Apple___healthy\image (888).JPG,Apple___healthy,256,256,JPEG,RGB,False,healthy,train
dataset\Apple___Apple_scab\image (131).JPG,Apple___Apple_scab,256,256,JPEG,RGB,False,apple_scab,train
dataset\Apple___healthy\image (407).JPG,Apple___healthy,256,256,JPEG,RGB,False,healthy,train
dataset\Apple___healthy\image (780).JPG,Apple___healthy,256,256,JPEG,RGB,False,healthy,train
dataset\Apple___healthy\image (1635).JPG,Apple___healthy,256,256,JPEG,RGB,False,healthy,test
dataset\Apple___Apple_scab\image (413).JPG,Apple___Apple_scab,256,256,JPEG,RGB,False,apple_scab,train
dataset\Apple___Apple_scab\image (143).JPG,Apple___Apple_scab,256,256,JPEG,RGB,False,apple_scab,train
dataset\Apple___Black_rot\image (348).JPG,Apple___Black_rot,256,256,JPEG,RGB,False,black_rot,validation
dataset\Apple___Black_rot\image (5).JPG,Apple___Black_rot,256,256,JPEG,RGB,False,black_rot,train
dataset\Apple___Black_rot\image (113).JPG,Apple___Black_rot,256,256,JPEG,RGB,False,black_rot,train
dataset\Apple___Black_rot\image (59).JPG,Apple___Black_rot,256,256,JPEG,RGB,False,black_rot,train
dataset\Apple___Black_rot\image (572).JPG,Apple___Black_rot,256,256,JPEG,RGB,False,black_rot,test
dataset\Apple___healthy\image (973).JPG,Apple___healthy,256,256,JPEG,RGB,False,healthy,train
dataset\Apple___Apple_scab\image (206).JPG,Apple___Apple_scab,256,256,JPEG,RGB,False,apple_scab,train
dataset\Apple___Black_rot\image (45).JPG,Apple___Black_rot,256,256,JPEG,RGB,False,black_rot,validation
dataset\Apple___healthy\image (142).JPG,Apple___healthy,256,256,JPEG,RGB,False,healthy,train
dataset\Apple___Black_rot\image (588).JPG,Apple___Black_rot,256,256,JPEG,RGB,False,black_rot,train
dataset\Apple___healthy\image (1163).JPG,Apple___healthy,256,256,JPEG,RGB,False,healthy,train
dataset\Apple___Black_rot\image (342).JPG,Apple___Black_rot,256,256,JPEG,RGB,False,black_rot,train
dataset\Apple___Cedar_apple_rust\image (198).JPG,Apple___Cedar_apple_rust,256,256,JPEG,RGB,False,cedar_rust,train
dataset\Apple___healthy\image (1124).JPG,Apple___healthy,256,256,JPEG,RGB,False,healthy,train
dataset\Apple___healthy\image (145).JPG,Apple___healthy,256,256,JPEG,RGB,False,healthy,validation
dataset\Apple___healthy\image (490).JPG,Apple___healthy,256,256,JPEG,RGB,False,healthy,train
dataset\Apple___healthy\image (205).JPG,Apple___healthy,256,256,JPEG,RGB,False,healthy,train
dataset\Apple___healthy\image (1422).JPG,Apple___healthy,256,256,JPEG,RGB,False,healthy,train
dataset\Apple___healthy\image (1037).JPG,Apple___healthy,256,256,JPEG,RGB,False,healthy,train
dataset\Apple___Apple_scab\image (39).JPG,Apple___Apple_scab,256,256,JPEG,RGB,False,apple_scab,train
dataset\Apple___healthy\image (788).JPG,Apple___healthy,256,256,JPEG,RGB,False,healthy,train
dataset\Apple___Apple_scab\image (123).JPG,Apple___Apple_scab,256,256,JPEG,RGB,False,apple_scab,test
dataset\Apple___Black_rot\image (126).JPG,Apple___Black_rot,256,256,JPEG,RGB,False,black_rot,train
dataset\Apple___Apple_scab\image (51).JPG,Apple___Apple_scab,256,256,JPEG,RGB,False,apple_scab,train
dataset\Apple___healthy\image (531).JPG,Apple___healthy,256,256,JPEG,RGB,False,healthy,train
dataset\Apple___Cedar_apple_rust\image (127).JPG,Apple___Cedar_apple_rust,256,256,JPEG,RGB,False,cedar_rust,train
dataset\Apple___healthy\image (589).JPG,Apple___healthy,256,256,JPEG,RGB,False,healthy,validation
dataset\Apple___healthy\image (229).JPG,Apple___healthy,256,256,JPEG,RGB,False,healthy,train
dataset\Apple___healthy\image (543).JPG,Apple___healthy,256,256,JPEG,RGB,False,healthy,validation
dataset\Apple___healthy\image (955).JPG,Apple___healthy,256,256,JPEG,RGB,False,healthy,train
dataset\Apple___healthy\image (795).JPG,Apple___healthy,256,256,JPEG,RGB,False,healthy,train
dataset\Apple___Apple_scab\image (355).JPG,Apple___Apple_scab,256,256,JPEG,RGB,False,apple_scab,train
dataset\Apple___healthy\image (969).JPG,Apple___healthy,256,256,JPEG,RGB,False,healthy,test
dataset\Apple___healthy\image (1520).JPG,Apple___healthy,256,256,JPEG,RGB,False,healthy,test
dataset\Apple___healthy\image (444).JPG,Apple___healthy,256,256,JPEG,RGB,False,healthy,train
dataset\Apple___Apple_scab\image (390).JPG,Apple___Apple_scab,256,256,JPEG,RGB,False,apple_scab,train
dataset\Apple___Cedar_apple_rust\image (251).JPG,Apple___Cedar_apple_rust,256,256,JPEG,RGB,False,cedar_rust,train
dataset\Apple___Apple_scab\image (281).JPG,Apple___Apple_scab,256,256,JPEG,RGB,False,apple_scab,train
dataset\Apple___healthy\image (616).JPG,Apple___healthy,256,256,JPEG,RGB,False,healthy,train
dataset\Apple___Black_rot\image (185).JPG,Apple___Black_rot,256,256,JPEG,RGB,False,black_rot,train
dataset\Apple___healthy\image (1204).JPG,Apple___healthy,256,256,JPEG,RGB,False,healthy,train
dataset\Apple___Black_rot\image (24).JPG,Apple___Black_rot,256,256,JPEG,RGB,False,black_rot,train
dataset\Apple___Cedar_apple_rust\image (96).JPG,Apple___Cedar_apple_rust,256,256,JPEG,RGB,False,cedar_rust,train
dataset\Apple___Apple_scab\image (25).JPG,Apple___Apple_scab,256,256,JPEG,RGB,False,apple_scab,train
dataset\Apple___healthy\image (253).JPG,Apple___healthy,256,256,JPEG,RGB,False,healthy,train
dataset\Apple___Black_rot\image (2).JPG,Apple___Black_rot,256,256,JPEG,RGB,False,black_rot,train
dataset\Apple___Apple_scab\image (437).JPG,Apple___Apple_scab,256,256,JPEG,RGB,False,apple_scab,train
dataset\Apple___healthy\image (977).JPG,Apple___healthy,256,256,JPEG,RGB,False,healthy,test
dataset\Apple___healthy\image (1626).JPG,Apple___healthy,256,256,JPEG,RGB,False,healthy,train
dataset\Apple___Apple_scab\image (136).JPG,Apple___Apple_scab,256,256,JPEG,RGB,False,apple_scab,train
dataset\Apple___healthy\image (187).JPG,Apple___healthy,256,256,JPEG,RGB,False,healthy,train
dataset\Apple___Apple_scab\image (349).JPG,Apple___Apple_scab,256,256,JPEG,RGB,False,apple_scab,train
dataset\Apple___healthy\image (1236).JPG,Apple___healthy,256,256,JPEG,RGB,False,healthy,train
dataset\Apple___Black_rot\image (503).JPG,Apple___Black_rot,256,256,JPEG,RGB,False,black_rot,validation
dataset\Apple___Black_rot\image (150).JPG,Apple___Black_rot,256,256,JPEG,RGB,False,black_rot,validation
dataset\Apple___healthy\image (1094).JPG,Apple___healthy,256,256,JPEG,RGB,False,healthy,train
dataset\Apple___Cedar_apple_rust\image (139).JPG,Apple___Cedar_apple_rust,256,256,JPEG,RGB,False,cedar_rust,train
dataset\Apple___healthy\image (340).JPG,Apple___healthy,256,256,JPEG,RGB,False,healthy,train
dataset\Apple___healthy\image (334).JPG,Apple___healthy,256,256,JPEG,RGB,False,healthy,train
dataset\Apple___healthy\image (1099).JPG,Apple___healthy,256,256,JPEG,RGB,False,healthy,train
dataset\Apple___Apple_scab\image (628).JPG,Apple___Apple_scab,256,256,JPEG,RGB,False,apple_scab,train
dataset\Apple___Apple_scab\image (612).JPG,Apple___Apple_scab,256,256,JPEG,RGB,False,apple_scab,test
dataset\Apple___Apple_scab\image (542).JPG,Apple___Apple_scab,256,256,JPEG,RGB,False,apple_scab,test
dataset\Apple___Cedar_apple_rust\image (170).JPG,Apple___Cedar_apple_rust,256,256,JPEG,RGB,False,cedar_rust,train
dataset\Apple___Black_rot\image (562).JPG,Apple___Black_rot,256,256,JPEG,RGB,False,black_rot,train
dataset\Apple___Black_rot\image (609).JPG,Apple___Black_rot,256,256,JPEG,RGB,False,black_rot,train
dataset\Apple___healthy\image (1075).JPG,Apple___healthy,256,256,JPEG,RGB,False,healthy,validation
dataset\Apple___Apple_scab\image (130).JPG,Apple___Apple_scab,256,256,JPEG,RGB,False,apple_scab,validation
dataset\Apple___Black_rot\image (518).JPG,Apple___Black_rot,256,256,JPEG,RGB,False,black_rot,train
dataset\Apple___Apple_scab\image (183).JPG,Apple___Apple_scab,256,256,JPEG,RGB,False,apple_scab,train
dataset\Apple___healthy\image (1006).JPG,Apple___healthy,256,256,JPEG,RGB,False,healthy,train
dataset\Apple___healthy\image (1191).JPG,Apple___healthy,256,256,JPEG,RGB,False,healthy,train
dataset\Apple___healthy\image (587).JPG,Apple___healthy,256,256,JPEG,RGB,False,healthy,test
dataset\Apple___Apple_scab\image (596).JPG,Apple___Apple_scab,256,256,JPEG,RGB,False,apple_scab,train
dataset\Apple___Apple_scab\image (495).JPG,Apple___Apple_scab,256,256,JPEG,RGB,False,apple_scab,train
dataset\Apple___healthy\image (1494).JPG,Apple___healthy,256,256,JPEG,RGB,False,healthy,train
dataset\Apple___healthy\image (830).JPG,Apple___healthy,256,256,JPEG,RGB,False,healthy,train
dataset\Apple___healthy\image (480).JPG,Apple___healthy,256,256,JPEG,RGB,False,healthy,train
dataset\Apple___Cedar_apple_rust\image (153).JPG,Apple___Cedar_apple_rust,256,256,JPEG,RGB,False,cedar_rust,train
dataset\Apple___healthy\image (1624).JPG,Apple___healthy,256,256,JPEG,RGB,False,healthy,validation
dataset\Apple___Cedar_apple_rust\image (196).JPG,Apple___Cedar_apple_rust,256,256,JPEG,RGB,False,cedar_rust,train
dataset\Apple___Black_rot\image (109).JPG,Apple___Black_rot,256,256,JPEG,RGB,False,black_rot,validation
dataset\Apple___healthy\image (1055).JPG,Apple___healthy,256,256,JPEG,RGB,False,healthy,train
dataset\Apple___healthy\image (1002).JPG,Apple___healthy,256,256,JPEG,RGB,False,healthy,train
dataset\Apple___Apple_scab\image (371).JPG,Apple___Apple_scab,256,256,JPEG,RGB,False,apple_scab,train
dataset\Apple___Black_rot\image (231).JPG,Apple___Black_rot,256,256,JPEG,RGB,False,black_rot,train
dataset\Apple___Apple_scab\image (19).JPG,Apple___Apple_scab,256,256,JPEG,RGB,False,apple_scab,train
dataset\Apple___healthy\image (93).JPG,Apple___healthy,256,256,JPEG,RGB,False,healthy,test
dataset\Apple___Black_rot\image (333).JPG,Apple___Black_rot,256,256,JPEG,RGB,False,black_rot,train
dataset\Apple___healthy\image (539).JPG,Apple___healthy,256,256,JPEG,RGB,False,healthy,train
dataset\Apple___Apple_scab\image (91).JPG,Apple___Apple_scab,256,256,JPEG,RGB,False,apple_scab,train
dataset\Apple___healthy\image (537).JPG,Apple___healthy,256,256,JPEG,RGB,False,healthy,train
dataset\Apple___Black_rot\image (184).JPG,Apple___Black_rot,256,256,JPEG,RGB,False,black_rot,test
dataset\Apple___Black_rot\image (410).JPG,Apple___Black_rot,256,256,JPEG,RGB,False,black_rot,test
dataset\Apple___Apple_scab\image (252).JPG,Apple___Apple_scab,256,256,JPEG,RGB,False,apple_scab,test
dataset\Apple___healthy\image (105).JPG,Apple___healthy,256,256,JPEG,RGB,False,healthy,train
dataset\Apple___healthy\image (1553).JPG,Apple___healthy,256,256,JPEG,RGB,False,healthy,train
dataset\Apple___Cedar_apple_rust\image (267).JPG,Apple___Cedar_apple_rust,256,256,JPEG,RGB,False,cedar_rust,train
dataset\Apple___healthy\image (742).JPG,Apple___healthy,256,256,JPEG,RGB,False,healthy,train
dataset\Apple___healthy\image (1116).JPG,Apple___healthy,256,256,JPEG,RGB,False,healthy,train
dataset\Apple___Apple_scab\image (574).JPG,Apple___Apple_scab,256,256,JPEG,RGB,False,apple_scab,train
dataset\Apple___Apple_scab\image (240).JPG,Apple___Apple_scab,256,256,JPEG,RGB,False,apple_scab,train
dataset\Apple___healthy\image (812).JPG,Apple___healthy,256,256,JPEG,RGB,False,healthy,validation
dataset\Apple___healthy\image (1620).JPG,Apple___healthy,256,256,JPEG,RGB,False,healthy,validation
dataset\Apple___Apple_scab\image (223).JPG,Apple___Apple_scab,256,256,JPEG,RGB,False,apple_scab,validation
dataset\Apple___healthy\image (649).JPG,Apple___healthy,256,256,JPEG,RGB,False,healthy,train
dataset\Apple___Cedar_apple_rust\image (35).JPG,Apple___Cedar_apple_rust,256,256,JPEG,RGB,False,cedar_rust,train
dataset\Apple___healthy\image (555).JPG,Apple___healthy,256,256,JPEG,RGB,False,healthy,train
dataset\Apple___healthy\image (443).JPG,Apple___healthy,256,256,JPEG,RGB,False,healthy,train
dataset\Apple___Apple_scab\image (55).JPG,Apple___Apple_scab,256,256,JPEG,RGB,False,apple_scab,test
dataset\Apple___Black_rot\image (564).JPG,Apple___Black_rot,256,256,JPEG,RGB,False,black_rot,train
dataset\Apple___healthy\image (832).JPG,Apple___healthy,256,256,JPEG,RGB,False,healthy,train
dataset\Apple___Apple_scab\image (93).JPG,Apple___Apple_scab,256,256,JPEG,RGB,False,apple_scab,validation
dataset\Apple___Black_rot\image (271).JPG,Apple___Black_rot,256,256,JPEG,RGB,False,black_rot,train
dataset\Apple___healthy\image (876).JPG,Apple___healthy,256,256,JPEG,RGB,False,healthy,train
dataset\Apple___healthy\image (465).JPG,Apple___healthy,256,256,JPEG,RGB,False,healthy,train
dataset\Apple___Black_rot\image (110).JPG,Apple___Black_rot,256,256,JPEG,RGB,False,black_rot,train
dataset\Apple___Apple_scab\image (583).JPG,Apple___Apple_scab,256,256,JPEG,RGB,False,apple_scab,train
dataset\Apple___healthy\image (1103).JPG,Apple___healthy,256,256,JPEG,RGB,False,healthy,train
dataset\Apple___Apple_scab\image (428).JPG,Apple___Apple_scab,256,256,JPEG,RGB,False,apple_scab,train
dataset\Apple___healthy\image (482).JPG,Apple___healthy,256,256,JPEG,RGB,False,healthy,train
dataset\Apple___Apple_scab\image (26).JPG,Apple___Apple_scab,256,256,JPEG,RGB,False,apple_scab,train
dataset\Apple___healthy\image (902).JPG,Apple___healthy,256,256,JPEG,RGB,False,healthy,train
dataset\Apple___Black_rot\image (531).JPG,Apple___Black_rot,256,256,JPEG,RGB,False,black_rot,validation
dataset\Apple___healthy\image (374).JPG,Apple___healthy,256,256,JPEG,RGB,False,healthy,train
dataset\Apple___healthy\image (1192).JPG,Apple___healthy,256,256,JPEG,RGB,False,healthy,validation
dataset\Apple___Black_rot\image (329).JPG,Apple___Black_rot,256,256,JPEG,RGB,False,black_rot,test
dataset\Apple___Black_rot\image (418).JPG,Apple___Black_rot,256,256,JPEG,RGB,False,black_rot,train
dataset\Apple___Apple_scab\image (353).JPG,Apple___Apple_scab,256,256,JPEG,RGB,False,apple_scab,validation
dataset\Apple___healthy\image (1475).JPG,Apple___healthy,256,256,JPEG,RGB,False,healthy,train
dataset\Apple___Black_rot\image (192).JPG,Apple___Black_rot,256,256,JPEG,RGB,False,black_rot,train
dataset\Apple___healthy\image (995).JPG,Apple___healthy,256,256,JPEG,RGB,False,healthy,train
dataset\Apple___healthy\image (1120).JPG,Apple___healthy,256,256,JPEG,RGB,False,healthy,train
dataset\Apple___Cedar_apple_rust\image (131).JPG,Apple___Cedar_apple_rust,256,256,JPEG,RGB,False,cedar_rust,validation
dataset\Apple___Black_rot\image (591).JPG,Apple___Black_rot,256,256,JPEG,RGB,False,black_rot,test
dataset\Apple___Cedar_apple_rust\image (260).JPG,Apple___Cedar_apple_rust,256,256,JPEG,RGB,False,cedar_rust,train
dataset\Apple___healthy\image (17).JPG,Apple___healthy,256,256,JPEG,RGB,False,healthy,train
dataset\Apple___Black_rot\image (232).JPG,Apple___Black_rot,256,256,JPEG,RGB,False,black_rot,validation
dataset\Apple___Apple_scab\image (611).JPG,Apple___Apple_scab,256,256,JPEG,RGB,False,apple_scab,train
dataset\Apple___Apple_scab\image (555).JPG,Apple___Apple_scab,256,256,JPEG,RGB,False,apple_scab,train
dataset\Apple___healthy\image (1239).JPG,Apple___healthy,256,256,JPEG,RGB,False,healthy,train
dataset\Apple___Black_rot\image (41).JPG,Apple___Black_rot,256,256,JPEG,RGB,False,black_rot,train
dataset\Apple___Black_rot\image (395).JPG,Apple___Black_rot,256,256,JPEG,RGB,False,black_rot,train
dataset\Apple___Apple_scab\image (363).JPG,Apple___Apple_scab,256,256,JPEG,RGB,False,apple_scab,train
dataset\Apple___Cedar_apple_rust\image (60).JPG,Apple___Cedar_apple_rust,256,256,JPEG,RGB,False,cedar_rust,train
dataset\Apple___healthy\image (283).JPG,Apple___healthy,256,256,JPEG,RGB,False,healthy,train
dataset\Apple___Black_rot\image (270).JPG,Apple___Black_rot,256,256,JPEG,RGB,False,black_rot,test
dataset\Apple___Apple_scab\image (616).JPG,Apple___Apple_scab,256,256,JPEG,RGB,False,apple_scab,train
dataset\Apple___healthy\image (774).JPG,Apple___healthy,256,256,JPEG,RGB,False,healthy,train
dataset\Apple___Black_rot\image (251).JPG,Apple___Black_rot,256,256,JPEG,RGB,False,black_rot,test
dataset\Apple___healthy\image (745).JPG,Apple___healthy,256,256,JPEG,RGB,False,healthy,train
dataset\Apple___Cedar_apple_rust\image (265).JPG,Apple___Cedar_apple_rust,256,256,JPEG,RGB,False,cedar_rust,train
dataset\Apple___healthy\image (345).JPG,Apple___healthy,256,256,JPEG,RGB,False,healthy,train
dataset\Apple___Apple_scab\image (600).JPG,Apple___Apple_scab,256,256,JPEG,RGB,False,apple_scab,validation
dataset\Apple___Black_rot\image (263).JPG,Apple___Black_rot,256,256,JPEG,RGB,False,black_rot,test
dataset\Apple___healthy\image (880).JPG,Apple___healthy,256,256,JPEG,RGB,False,healthy,test
dataset\Apple___Black_rot\image (487).JPG,Apple___Black_rot,256,256,JPEG,RGB,False,black_rot,train
dataset\Apple___healthy\image (885).JPG,Apple___healthy,256,256,JPEG,RGB,False,healthy,test
dataset\Apple___healthy\image (1371).JPG,Apple___healthy,256,256,JPEG,RGB,False,healthy,train
dataset\Apple___healthy\image (659).JPG,Apple___healthy,256,256,JPEG,RGB,False,healthy,train
dataset\Apple___healthy\image (1429).JPG,Apple___healthy,256,256,JPEG,RGB,False,healthy,train
dataset\Apple___healthy\image (683).JPG,Apple___healthy,256,256,JPEG,RGB,False,healthy,train
dataset\Apple___healthy\image (1360).JPG,Apple___healthy,256,256,JPEG,RGB,False,healthy,train
dataset\Apple___healthy\image (1156).JPG,Apple___healthy,256,256,JPEG,RGB,False,healthy,train
dataset\Apple___healthy\image (731).JPG,Apple___healthy,256,256,JPEG,RGB,False,healthy,train
dataset\Apple___Cedar_apple_rust\image (117).JPG,Apple___Cedar_apple_rust,256,256,JPEG,RGB,False,cedar_rust,train
dataset\Apple___Black_rot\image (537).JPG,Apple___Black_rot,256,256,JPEG,RGB,False,black_rot,train
dataset\Apple___healthy\image (1209).JPG,Apple___healthy,256,256,JPEG,RGB,False,healthy,train
dataset\Apple___Black_rot\image (457).JPG,Apple___Black_rot,256,256,JPEG,RGB,False,black_rot,train
dataset\Apple___healthy\image (720).JPG,Apple___healthy,256,256,JPEG,RGB,False,healthy,test
dataset\Apple___healthy\image (1024).JPG,Apple___healthy,256,256,JPEG,RGB,False,healthy,train
dataset\Apple___healthy\image (1167).JPG,Apple___healthy,256,256,JPEG,RGB,False,healthy,train
dataset\Apple___Black_rot\image (143).JPG,Apple___Black_rot,256,256,JPEG,RGB,False,black_rot,train
dataset\Apple___healthy\image (1392).JPG,Apple___healthy,256,256,JPEG,RGB,False,healthy,train
dataset\Apple___Apple_scab\image (283).JPG,Apple___Apple_scab,256,256,JPEG,RGB,False,apple_scab,train
dataset\Apple___healthy\image (814).JPG,Apple___healthy,256,256,JPEG,RGB,False,healthy,train
dataset\Apple___healthy\image (952).JPG,Apple___healthy,256,256,JPEG,RGB,False,healthy,test
dataset\Apple___healthy\image (1205).JPG,Apple___healthy,256,256,JPEG,RGB,False,healthy,validation
dataset\Apple___healthy\image (1174).JPG,Apple___healthy,256,256,JPEG,RGB,False,healthy,train
dataset\Apple___Black_rot\image (78).JPG,Apple___Black_rot,256,256,JPEG,RGB,False,black_rot,train
dataset\Apple___Black_rot\image (516).JPG,Apple___Black_rot,256,256,JPEG,RGB,False,black_rot,train
dataset\Apple___Apple_scab\image (112).JPG,Apple___Apple_scab,256,256,JPEG,RGB,False,apple_scab,train
dataset\Apple___Apple_scab\image (67).JPG,Apple___Apple_scab,256,256,JPEG,RGB,False,apple_scab,train
dataset\Apple___healthy\image (740).JPG,Apple___healthy,256,256,JPEG,RGB,False,healthy,validation
dataset\Apple___healthy\image (433).JPG,Apple___healthy,256,256,JPEG,RGB,False,healthy,test
dataset\Apple___healthy\image (897).JPG,Apple___healthy,256,256,JPEG,RGB,False,healthy,train
dataset\Apple___Black_rot\image (125).JPG,Apple___Black_rot,256,256,JPEG,RGB,False,black_rot,test
dataset\Apple___healthy\image (1241).JPG,Apple___healthy,256,256,JPEG,RGB,False,healthy,train
dataset\Apple___Black_rot\image (493).JPG,Apple___Black_rot,256,256,JPEG,RGB,False,black_rot,validation
dataset\Apple___healthy\image (189).JPG,Apple___healthy,256,256,JPEG,RGB,False,healthy,train
dataset\Apple___healthy\image (704).JPG,Apple___healthy,256,256,JPEG,RGB,False,healthy,train
dataset\Apple___Cedar_apple_rust\image (138).JPG,Apple___Cedar_apple_rust,256,256,JPEG,RGB,False,cedar_rust,train
dataset\Apple___healthy\image (288).JPG,Apple___healthy,256,256,JPEG,RGB,False,healthy,train
dataset\Apple___Apple_scab\image (243).JPG,Apple___Apple_scab,256,256,JPEG,RGB,False,apple_scab,validation
dataset\Apple___healthy\image (305).JPG,Apple___healthy,256,256,JPEG,RGB,False,healthy,test
dataset\Apple___healthy\image (590).JPG,Apple___healthy,256,256,JPEG,RGB,False,healthy,train
dataset\Apple___Apple_scab\image (134).JPG,Apple___Apple_scab,256,256,JPEG,RGB,False,apple_scab,train
dataset\Apple___healthy\image (25).JPG,Apple___healthy,256,256,JPEG,RGB,False,healthy,train
dataset\Apple___Black_rot\image (571).JPG,Apple___Black_rot,256,256,JPEG,RGB,False,black_rot,train
dataset\Apple___healthy\image (1127).JPG,Apple___healthy,256,256,JPEG,RGB,False,healthy,train
dataset\Apple___healthy\image (1489).JPG,Apple___healthy,256,256,JPEG,RGB,False,healthy,train
dataset\Apple___healthy\image (434).JPG,Apple___healthy,256,256,JPEG,RGB,False,healthy,train
dataset\Apple___Black_rot\image (60).JPG,Apple___Black_rot,256,256,JPEG,RGB,False,black_rot,train
dataset\Apple___Black_rot\image (522).JPG,Apple___Black_rot,256,256,JPEG,RGB,False,black_rot,test
dataset\Apple___Cedar_apple_rust\image (90).JPG,Apple___Cedar_apple_rust,256,256,JPEG,RGB,False,cedar_rust,train
dataset\Apple___healthy\image (1347).JPG,Apple___healthy,256,256,JPEG,RGB,False,healthy,train
dataset\Apple___Apple_scab\image (11).JPG,Apple___Apple_scab,256,256,JPEG,RGB,False,apple_scab,validation
dataset\Apple___Apple_scab\image (164).JPG,Apple___Apple_scab,256,256,JPEG,RGB,False,apple_scab,train
dataset\Apple___Cedar_apple_rust\image (41).JPG,Apple___Cedar_apple_rust,256,256,JPEG,RGB,False,cedar_rust,train
dataset\Apple___Apple_scab\image (508).JPG,Apple___Apple_scab,256,256,JPEG,RGB,False,apple_scab,validation
dataset\Apple___healthy\image (1372).JPG,Apple___healthy,256,256,JPEG,RGB,False,healthy,train
dataset\Apple___Black_rot\image (190).JPG,Apple___Black_rot,256,256,JPEG,RGB,False,black_rot,train
dataset\Apple___healthy\image (1564).JPG,Apple___healthy,256,256,JPEG,RGB,False,healthy,train
dataset\Apple___Apple_scab\image (222).JPG,Apple___Apple_scab,256,256,JPEG,RGB,False,apple_scab,train
dataset\Apple___Apple_scab\image (589).JPG,Apple___Apple_scab,256,256,JPEG,RGB,False,apple_scab,train
dataset\Apple___Black_rot\image (601).JPG,Apple___Black_rot,256,256,JPEG,RGB,False,black_rot,train
dataset\Apple___healthy\image (423).JPG,Apple___healthy,256,256,JPEG,RGB,False,healthy,train
dataset\Apple___healthy\image (1573).JPG,Apple___healthy,256,256,JPEG,RGB,False,healthy,train
dataset\Apple___Black_rot\image (474).JPG,Apple___Black_rot,256,256,JPEG,RGB,False,black_rot,train
dataset\Apple___Black_rot\image (22).JPG,Apple___Black_rot,256,256,JPEG,RGB,False,black_rot,train
dataset\Apple___healthy\image (158).JPG,Apple___healthy,256,256,JPEG,RGB,False,healthy,train
dataset\Apple___healthy\image (839).JPG,Apple___healthy,256,256,JPEG,RGB,False,healthy,train
dataset\Apple___healthy\image (1461).JPG,Apple___healthy,256,256,JPEG,RGB,False,healthy,train
dataset\Apple___Apple_scab\image (372).JPG,Apple___Apple_scab,256,256,JPEG,RGB,False,apple_scab,train
dataset\Apple___healthy\image (429).JPG,Apple___healthy,256,256,JPEG,RGB,False,healthy,test
dataset\Apple___healthy\image (390).JPG,Apple___healthy,256,256,JPEG,RGB,False,healthy,train
dataset\Apple___Cedar_apple_rust\image (239).JPG,Apple___Cedar_apple_rust,256,256,JPEG,RGB,False,cedar_rust,train
dataset\Apple___healthy\image (565).JPG,Apple___healthy,256,256,JPEG,RGB,False,healthy,train
dataset\Apple___healthy\image (234).JPG,Apple___healthy,256,256,JPEG,RGB,False,healthy,test
dataset\Apple___healthy\image (639).JPG,Apple___healthy,256,256,JPEG,RGB,False,healthy,train
dataset\Apple___healthy\image (1390).JPG,Apple___healthy,256,256,JPEG,RGB,False,healthy,train
dataset\Apple___Apple_scab\image (498).JPG,Apple___Apple_scab,256,256,JPEG,RGB,False,apple_scab,train
dataset\Apple___Black_rot\image (298).JPG,Apple___Black_rot,256,256,JPEG,RGB,False,black_rot,train
dataset\Apple___healthy\image (557).JPG,Apple___healthy,256,256,JPEG,RGB,False,healthy,train
dataset\Apple___Cedar_apple_rust\image (11).JPG,Apple___Cedar_apple_rust,256,256,JPEG,RGB,False,cedar_rust,train
dataset\Apple___Black_rot\image (436).JPG,Apple___Black_rot,256,256,JPEG,RGB,False,black_rot,train
dataset\Apple___Black_rot\image (136).JPG,Apple___Black_rot,256,256,JPEG,RGB,False,black_rot,train
dataset\Apple___Apple_scab\image (607).JPG,Apple___Apple_scab,256,256,JPEG,RGB,False,apple_scab,test
dataset\Apple___healthy\image (967).JPG,Apple___healthy,256,256,JPEG,RGB,False,healthy,validation
dataset\Apple___Cedar_apple_rust\image (190).JPG,Apple___Cedar_apple_rust,256,256,JPEG,RGB,False,cedar_rust,train
dataset\Apple___Apple_scab\image (74).JPG,Apple___Apple_scab,256,256,JPEG,RGB,False,apple_scab,train
dataset\Apple___healthy\image (295).JPG,Apple___healthy,256,256,JPEG,RGB,False,healthy,train
dataset\Apple___healthy\image (707).JPG,Apple___healthy,256,256,JPEG,RGB,False,healthy,train
dataset\Apple___Black_rot\image (128).JPG,Apple___Black_rot,256,256,JPEG,RGB,False,black_rot,train
dataset\Apple___healthy\image (297).JPG,Apple___healthy,256,256,JPEG,RGB,False,healthy,train
dataset\Apple___healthy\image (1214).JPG,Apple___healthy,256,256,JPEG,RGB,False,healthy,train
dataset\Apple___healthy\image (119).JPG,Apple___healthy,256,256,JPEG,RGB,False,healthy,train
dataset\Apple___healthy\image (175).JPG,Apple___healthy,256,256,JPEG,RGB,False,healthy,train
dataset\Apple___Apple_scab\image (225).JPG,Apple___Apple_scab,256,256,JPEG,RGB,False,apple_scab,train
dataset\Apple___healthy\image (540).JPG,Apple___healthy,256,256,JPEG,RGB,False,healthy,train
dataset\Apple___healthy\image (1375).JPG,Apple___healthy,256,256,JPEG,RGB,False,healthy,validation
dataset\Apple___Black_rot\image (614).JPG,Apple___Black_rot,256,256,JPEG,RGB,False,black_rot,train
dataset\Apple___Black_rot\image (438).JPG,Apple___Black_rot,256,256,JPEG,RGB,False,black_rot,train
dataset\Apple___Apple_scab\image (6).JPG,Apple___Apple_scab,256,256,JPEG,RGB,False,apple_scab,test
dataset\Apple___Black_rot\image (350).JPG,Apple___Black_rot,256,256,JPEG,RGB,False,black_rot,train
dataset\Apple___healthy\image (1222).JPG,Apple___healthy,256,256,JPEG,RGB,False,healthy,train
dataset\Apple___Black_rot\image (343).JPG,Apple___Black_rot,256,256,JPEG,RGB,False,black_rot,train
dataset\Apple___Apple_scab\image (630).JPG,Apple___Apple_scab,256,256,JPEG,RGB,False,apple_scab,test
dataset\Apple___Black_rot\image (177).JPG,Apple___Black_rot,256,256,JPEG,RGB,False,black_rot,train
dataset\Apple___healthy\image (741).JPG,Apple___healthy,256,256,JPEG,RGB,False,healthy,train
dataset\Apple___Apple_scab\image (291).JPG,Apple___Apple_scab,256,256,JPEG,RGB,False,apple_scab,train
dataset\Apple___healthy\image (210).JPG,Apple___healthy,256,256,JPEG,RGB,False,healthy,train
dataset\Apple___Apple_scab\image (90).JPG,Apple___Apple_scab,256,256,JPEG,RGB,False,apple_scab,train
dataset\Apple___healthy\image (1466).JPG,Apple___healthy,256,256,JPEG,RGB,False,healthy,train
dataset\Apple___healthy\image (1022).JPG,Apple___healthy,256,256,JPEG,RGB,False,healthy,validation
dataset\Apple___healthy\image (929).JPG,Apple___healthy,256,256,JPEG,RGB,False,healthy,validation
dataset\Apple___healthy\image (442).JPG,Apple___healthy,256,256,JPEG,RGB,False,healthy,validation
dataset\Apple___healthy\image (1432).JPG,Apple___healthy,256,256,JPEG,RGB,False,healthy,train
dataset\Apple___healthy\image (804).JPG,Apple___healthy,256,256,JPEG,RGB,False,healthy,train
dataset\Apple___healthy\image (971).JPG,Apple___healthy,256,256,JPEG,RGB,False,healthy,train
dataset\Apple___healthy\image (373).JPG,Apple___healthy,256,256,JPEG,RGB,False,healthy,test
dataset\Apple___Cedar_apple_rust\image (168).JPG,Apple___Cedar_apple_rust,256,256,JPEG,RGB,False,cedar_rust,train
dataset\Apple___Apple_scab\image (5).JPG,Apple___Apple_scab,256,256,JPEG,RGB,False,apple_scab,train
dataset\Apple___healthy\image (1042).JPG,Apple___healthy,256,256,JPEG,RGB,False,healthy,train
dataset\Apple___healthy\image (117).JPG,Apple___healthy,256,256,JPEG,RGB,False,healthy,validation
dataset\Apple___healthy\image (249).JPG,Apple___healthy,256,256,JPEG,RGB,False,healthy,train
dataset\Apple___healthy\image (1405).JPG,Apple___healthy,256,256,JPEG,RGB,False,healthy,train
dataset\Apple___healthy\image (1443).JPG,Apple___healthy,256,256,JPEG,RGB,False,healthy,test
dataset\Apple___Black_rot\image (417).JPG,Apple___Black_rot,256,256,JPEG,RGB,False,black_rot,train
dataset\Apple___healthy\image (386).JPG,Apple___healthy,256,256,JPEG,RGB,False,healthy,train
dataset\Apple___Apple_scab\image (501).JPG,Apple___Apple_scab,256,256,JPEG,RGB,False,apple_scab,train
dataset\Apple___Apple_scab\image (321).JPG,Apple___Apple_scab,256,256,JPEG,RGB,False,apple_scab,train
dataset\Apple___healthy\image (1394).JPG,Apple___healthy,256,256,JPEG,RGB,False,healthy,train
dataset\Apple___Apple_scab\image (486).JPG,Apple___Apple_scab,256,256,JPEG,RGB,False,apple_scab,train
dataset\Apple___healthy\image (1290).JPG,Apple___healthy,256,256,JPEG,RGB,False,healthy,train
dataset\Apple___healthy\image (384).JPG,Apple___healthy,256,256,JPEG,RGB,False,healthy,validation
dataset\Apple___healthy\image (1121).JPG,Apple___healthy,256,256,JPEG,RGB,False,healthy,train
dataset\Apple___Apple_scab\image (418).JPG,Apple___Apple_scab,256,256,JPEG,RGB,False,apple_scab,train
dataset\Apple___healthy\image (523).JPG,Apple___healthy,256,256,JPEG,RGB,False,healthy,train
dataset\Apple___healthy\image (668).JPG,Apple___healthy,256,256,JPEG,RGB,False,healthy,validation
dataset\Apple___healthy\image (1636).JPG,Apple___healthy,256,256,JPEG,RGB,False,healthy,train
dataset\Apple___healthy\image (915).JPG,Apple___healthy,256,256,JPEG,RGB,False,healthy,train
dataset\Apple___healthy\image (159).JPG,Apple___healthy,256,256,JPEG,RGB,False,healthy,train
dataset\Apple___healthy\image (574).JPG,Apple___healthy,256,256,JPEG,RGB,False,healthy,test
dataset\Apple___healthy\image (896).JPG,Apple___healthy,256,256,JPEG,RGB,False,healthy,train
dataset\Apple___healthy\image (1160).JPG,Apple___healthy,256,256,JPEG,RGB,False,healthy,train
dataset\Apple___healthy\image (687).JPG,Apple___healthy,256,256,JPEG,RGB,False,healthy,validation
dataset\Apple___healthy\image (1644).JPG,Apple___healthy,256,256,JPEG,RGB,False,healthy,train
dataset\Apple___healthy\image (718).JPG,Apple___healthy,256,256,JPEG,RGB,False,healthy,train
dataset\Apple___Apple_scab\image (306).JPG,Apple___Apple_scab,256,256,JPEG,RGB,False,apple_scab,validation
dataset\Apple___healthy\image (1600).JPG,Apple___healthy,256,256,JPEG,RGB,False,healthy,test
dataset\Apple___Apple_scab\image (348).JPG,Apple___Apple_scab,256,256,JPEG,RGB,False,apple_scab,test
dataset\Apple___healthy\image (841).JPG,Apple___healthy,256,256,JPEG,RGB,False,healthy,test
dataset\Apple___Apple_scab\image (215).JPG,Apple___Apple_scab,256,256,JPEG,RGB,False,apple_scab,train
dataset\Apple___Black_rot\image (134).JPG,Apple___Black_rot,256,256,JPEG,RGB,False,black_rot,train
dataset\Apple___healthy\image (1327).JPG,Apple___healthy,256,256,JPEG,RGB,False,healthy,train
dataset\Apple___Cedar_apple_rust\image (218).JPG,Apple___Cedar_apple_rust,256,256,JPEG,RGB,False,cedar_rust,train
dataset\Apple___healthy\image (157).JPG,Apple___healthy,256,256,JPEG,RGB,False,healthy,train
dataset\Apple___healthy\image (185).JPG,Apple___healthy,256,256,JPEG,RGB,False,healthy,train
dataset\Apple___healthy\image (265).JPG,Apple___healthy,256,256,JPEG,RGB,False,healthy,train
dataset\Apple___Black_rot\image (169).JPG,Apple___Black_rot,256,256,JPEG,RGB,False,black_rot,validation
dataset\Apple___healthy\image (1015).JPG,Apple___healthy,256,256,JPEG,RGB,False,healthy,train
dataset\Apple___healthy\image (381).JPG,Apple___healthy,256,256,JPEG,RGB,False,healthy,test
dataset\Apple___Cedar_apple_rust\image (80).JPG,Apple___Cedar_apple_rust,256,256,JPEG,RGB,False,cedar_rust,train
dataset\Apple___Apple_scab\image (20).JPG,Apple___Apple_scab,256,256,JPEG,RGB,False,apple_scab,validation
dataset\Apple___healthy\image (197).JPG,Apple___healthy,256,256,JPEG,RGB,False,healthy,validation
dataset\Apple___healthy\image (1000).JPG,Apple___healthy,256,256,JPEG,RGB,False,healthy,train
dataset\Apple___healthy\image (110).JPG,Apple___healthy,256,256,JPEG,RGB,False,healthy,validation
dataset\Apple___healthy\image (64).JPG,Apple___healthy,256,256,JPEG,RGB,False,healthy,train
dataset\Apple___healthy\image (1591).JPG,Apple___healthy,256,256,JPEG,RGB,False,healthy,train
dataset\Apple___healthy\image (489).JPG,Apple___healthy,256,256,JPEG,RGB,False,healthy,train
dataset\Apple___Black_rot\image (98).JPG,Apple___Black_rot,256,256,JPEG,RGB,False,black_rot,train
dataset\Apple___healthy\image (647).JPG,Apple___healthy,256,256,JPEG,RGB,False,healthy,train
dataset\Apple___Black_rot\image (197).JPG,Apple___Black_rot,256,256,JPEG,RGB,False,black_rot,train
dataset\Apple___Black_rot\image (57).JPG,Apple___Black_rot,256,256,JPEG,RGB,False,black_rot,train
dataset\Apple___Black_rot\image (168).JPG,Apple___Black_rot,256,256,JPEG,RGB,False,black_rot,train
dataset\Apple___healthy\image (1580).JPG,Apple___healthy,256,256,JPEG,RGB,False,healthy,train
dataset\Apple___healthy\image (576).JPG,Apple___healthy,256,256,JPEG,RGB,False,healthy,train
dataset\Apple___healthy\image (1410).JPG,Apple___healthy,256,256,JPEG,RGB,False,healthy,test
dataset\Apple___Apple_scab\image (217).JPG,Apple___Apple_scab,256,256,JPEG,RGB,False,apple_scab,train
dataset\Apple___Apple_scab\image (234).JPG,Apple___Apple_scab,256,256,JPEG,RGB,False,apple_scab,train
dataset\Apple___Apple_scab\image (453).JPG,Apple___Apple_scab,256,256,JPEG,RGB,False,apple_scab,train
dataset\Apple___healthy\image (1471).JPG,Apple___healthy,256,256,JPEG,RGB,False,healthy,train
dataset\Apple___Black_rot\image (230).JPG,Apple___Black_rot,256,256,JPEG,RGB,False,black_rot,train
dataset\Apple___healthy\image (1528).JPG,Apple___healthy,256,256,JPEG,RGB,False,healthy,test
dataset\Apple___healthy\image (890).JPG,Apple___healthy,256,256,JPEG,RGB,False,healthy,train
dataset\Apple___healthy\image (529).JPG,Apple___healthy,256,256,JPEG,RGB,False,healthy,train
dataset\Apple___Apple_scab\image (301).JPG,Apple___Apple_scab,256,256,JPEG,RGB,False,apple_scab,train
dataset\Apple___healthy\image (1087).JPG,Apple___healthy,256,256,JPEG,RGB,False,healthy,train
dataset\Apple___healthy\image (1200).JPG,Apple___healthy,256,256,JPEG,RGB,False,healthy,train
dataset\Apple___healthy\image (775).JPG,Apple___healthy,256,256,JPEG,RGB,False,healthy,validation
dataset\Apple___healthy\image (1506).JPG,Apple___healthy,256,256,JPEG,RGB,False,healthy,train
dataset\Apple___healthy\image (421).JPG,Apple___healthy,256,256,JPEG,RGB,False,healthy,train
dataset\Apple___healthy\image (228).JPG,Apple___healthy,256,256,JPEG,RGB,False,healthy,train
dataset\Apple___Black_rot\image (124).JPG,Apple___Black_rot,256,256,JPEG,RGB,False,black_rot,train
dataset\Apple___healthy\image (413).JPG,Apple___healthy,256,256,JPEG,RGB,False,healthy,train
dataset\Apple___healthy\image (1497).JPG,Apple___healthy,256,256,JPEG,RGB,False,healthy,validation
dataset\Apple___Apple_scab\image (466).JPG,Apple___Apple_scab,256,256,JPEG,RGB,False,apple_scab,train
dataset\Apple___healthy\image (453).JPG,Apple___healthy,256,256,JPEG,RGB,False,healthy,train
dataset\Apple___healthy\image (125).JPG,Apple___healthy,256,256,JPEG,RGB,False,healthy,train
dataset\Apple___healthy\image (920).JPG,Apple___healthy,256,256,JPEG,RGB,False,healthy,validation
dataset\Apple___Cedar_apple_rust\image (91).JPG,Apple___Cedar_apple_rust,256,256,JPEG,RGB,False,cedar_rust,train
dataset\Apple___healthy\image (156).JPG,Apple___healthy,256,256,JPEG,RGB,False,healthy,train
dataset\Apple___Apple_scab\image (32).JPG,Apple___Apple_scab,256,256,JPEG,RGB,False,apple_scab,train
dataset\Apple___healthy\image (673).JPG,Apple___healthy,256,256,JPEG,RGB,False,healthy,validation
dataset\Apple___Cedar_apple_rust\image (242).JPG,Apple___Cedar_apple_rust,256,256,JPEG,RGB,False,cedar_rust,train
dataset\Apple___healthy\image (321).JPG,Apple___healthy,256,256,JPEG,RGB,False,healthy,validation
dataset\Apple___healthy\image (691).JPG,Apple___healthy,256,256,JPEG,RGB,False,healthy,train
dataset\Apple___Apple_scab\image (158).JPG,Apple___Apple_scab,256,256,JPEG,RGB,False,apple_scab,test
dataset\Apple___healthy\image (78).JPG,Apple___healthy,256,256,JPEG,RGB,False,healthy,train
dataset\Apple___healthy\image (226).JPG,Apple___healthy,256,256,JPEG,RGB,False,healthy,train
dataset\Apple___healthy\image (569).JPG,Apple___healthy,256,256,JPEG,RGB,False,healthy,train
dataset\Apple___Black_rot\image (590).JPG,Apple___Black_rot,256,256,JPEG,RGB,False,black_rot,train
dataset\Apple___healthy\image (1513).JPG,Apple___healthy,256,256,JPEG,RGB,False,healthy,validation
dataset\Apple___Black_rot\image (257).JPG,Apple___Black_rot,256,256,JPEG,RGB,False,black_rot,train
dataset\Apple___healthy\image (1184).JPG,Apple___healthy,256,256,JPEG,RGB,False,healthy,train
dataset\Apple___healthy\image (1462).JPG,Apple___healthy,256,256,JPEG,RGB,False,healthy,test
dataset\Apple___Black_rot\image (313).JPG,Apple___Black_rot,256,256,JPEG,RGB,False,black_rot,test
dataset\Apple___Black_rot\image (25).JPG,Apple___Black_rot,256,256,JPEG,RGB,False,black_rot,train
dataset\Apple___healthy\image (409).JPG,Apple___healthy,256,256,JPEG,RGB,False,healthy,validation
dataset\Apple___Black_rot\image (507).JPG,Apple___Black_rot,256,256,JPEG,RGB,False,black_rot,train
dataset\Apple___Apple_scab\image (239).JPG,Apple___Apple_scab,256,256,JPEG,RGB,False,apple_scab,train
dataset\Apple___Apple_scab\image (340).JPG,Apple___Apple_scab,256,256,JPEG,RGB,False,apple_scab,train
dataset\Apple___healthy\image (764).JPG,Apple___healthy,256,256,JPEG,RGB,False,healthy,validation
dataset\Apple___Black_rot\image (54).JPG,Apple___Black_rot,256,256,JPEG,RGB,False,black_rot,train
dataset\Apple___Apple_scab\image (397).JPG,Apple___Apple_scab,256,256,JPEG,RGB,False,apple_scab,test
dataset\Apple___Black_rot\image (63).JPG,Apple___Black_rot,256,256,JPEG,RGB,False,black_rot,train
dataset\Apple___healthy\image (372).JPG,Apple___healthy,256,256,JPEG,RGB,False,healthy,test
dataset\Apple___Apple_scab\image (613).JPG,Apple___Apple_scab,256,256,JPEG,RGB,False,apple_scab,train
dataset\Apple___Black_rot\image (269).JPG,Apple___Black_rot,256,256,JPEG,RGB,False,black_rot,train
dataset\Apple___healthy\image (60).JPG,Apple___healthy,256,256,JPEG,RGB,False,healthy,test
dataset\Apple___healthy\image (1645).JPG,Apple___healthy,256,256,JPEG,RGB,False,healthy,validation
dataset\Apple___healthy\image (535).JPG,Apple___healthy,256,256,JPEG,RGB,False,healthy,train
dataset\Apple___healthy\image (1210).JPG,Apple___healthy,256,256,JPEG,RGB,False,healthy,train
dataset\Apple___healthy\image (620).JPG,Apple___healthy,256,256,JPEG,RGB,False,healthy,train
dataset\Apple___healthy\image (122).JPG,Apple___healthy,256,256,JPEG,RGB,False,healthy,train
dataset\Apple___healthy\image (23).JPG,Apple___healthy,256,256,JPEG,RGB,False,healthy,train
dataset\Apple___healthy\image (1157).JPG,Apple___healthy,256,256,JPEG,RGB,False,healthy,train
dataset\Apple___Black_rot\image (100).JPG,Apple___Black_rot,256,256,JPEG,RGB,False,black_rot,train
dataset\Apple___healthy\image (140).JPG,Apple___healthy,256,256,JPEG,RGB,False,healthy,train
dataset\Apple___Cedar_apple_rust\image (203).JPG,Apple___Cedar_apple_rust,256,256,JPEG,RGB,False,cedar_rust,test
dataset\Apple___Black_rot\image (581).JPG,Apple___Black_rot,256,256,JPEG,RGB,False,black_rot,train
dataset\Apple___healthy\image (86).JPG,Apple___healthy,256,256,JPEG,RGB,False,healthy,train
dataset\Apple___healthy\image (355).JPG,Apple___healthy,256,256,JPEG,RGB,False,healthy,train
dataset\Apple___Apple_scab\image (262).JPG,Apple___Apple_scab,256,256,JPEG,RGB,False,apple_scab,train
dataset\Apple___Black_rot\image (611).JPG,Apple___Black_rot,256,256,JPEG,RGB,False,black_rot,test
dataset\Apple___Black_rot\image (275).JPG,Apple___Black_rot,256,256,JPEG,RGB,False,black_rot,train
dataset\Apple___Black_rot\image (338).JPG,Apple___Black_rot,256,256,JPEG,RGB,False,black_rot,train
dataset\Apple___Black_rot\image (76).JPG,Apple___Black_rot,256,256,JPEG,RGB,False,black_rot,validation
dataset\Apple___healthy\image (926).JPG,Apple___healthy,256,256,JPEG,RGB,False,healthy,train
dataset\Apple___healthy\image (1029).JPG,Apple___healthy,256,256,JPEG,RGB,False,healthy,validation
dataset\Apple___Black_rot\image (570).JPG,Apple___Black_rot,256,256,JPEG,RGB,False,black_rot,train
dataset\Apple___healthy\image (1487).JPG,Apple___healthy,256,256,JPEG,RGB,False,healthy,train
dataset\Apple___healthy\image (462).JPG,Apple___healthy,256,256,JPEG,RGB,False,healthy,train
dataset\Apple___Apple_scab\image (275).JPG,Apple___Apple_scab,256,256,JPEG,RGB,False,apple_scab,train
dataset\Apple___Apple_scab\image (524).JPG,Apple___Apple_scab,256,256,JPEG,RGB,False,apple_scab,test
dataset\Apple___healthy\image (842).JPG,Apple___healthy,256,256,JPEG,RGB,False,healthy,train
dataset\Apple___healthy\image (1187).JPG,Apple___healthy,256,256,JPEG,RGB,False,healthy,validation
dataset\Apple___healthy\image (1253).JPG,Apple___healthy,256,256,JPEG,RGB,False,healthy,train
dataset\Apple___Apple_scab\image (532).JPG,Apple___Apple_scab,256,256,JPEG,RGB,False,apple_scab,train
dataset\Apple___Apple_scab\image (401).JPG,Apple___Apple_scab,256,256,JPEG,RGB,False,apple_scab,train
dataset\Apple___Cedar_apple_rust\image (118).JPG,Apple___Cedar_apple_rust,256,256,JPEG,RGB,False,cedar_rust,validation
dataset\Apple___Black_rot\image (483).JPG,Apple___Black_rot,256,256,JPEG,RGB,False,black_rot,train
dataset\Apple___healthy\image (844).JPG,Apple___healthy,256,256,JPEG,RGB,False,healthy,train
dataset\Apple___healthy\image (1206).JPG,Apple___healthy,256,256,JPEG,RGB,False,healthy,train
dataset\Apple___healthy\image (859).JPG,Apple___healthy,256,256,JPEG,RGB,False,healthy,validation
dataset\Apple___Apple_scab\image (442).JPG,Apple___Apple_scab,256,256,JPEG,RGB,False,apple_scab,train
dataset\Apple___Cedar_apple_rust\image (173).JPG,Apple___Cedar_apple_rust,256,256,JPEG,RGB,False,cedar_rust,train
dataset\Apple___Black_rot\image (608).JPG,Apple___Black_rot,256,256,JPEG,RGB,False,black_rot,test
dataset\Apple___healthy\image (1509).JPG,Apple___healthy,256,256,JPEG,RGB,False,healthy,train
dataset\Apple___healthy\image (326).JPG,Apple___healthy,256,256,JPEG,RGB,False,healthy,train
dataset\Apple___healthy\image (809).JPG,Apple___healthy,256,256,JPEG,RGB,False,healthy,train
dataset\Apple___Black_rot\image (413).JPG,Apple___Black_rot,256,256,JPEG,RGB,False,black_rot,train
dataset\Apple___Black_rot\image (117).JPG,Apple___Black_rot,256,256,JPEG,RGB,False,black_rot,train
dataset\Apple___healthy\image (1307).JPG,Apple___healthy,256,256,JPEG,RGB,False,healthy,train
dataset\Apple___Black_rot\image (214).JPG,Apple___Black_rot,256,256,JPEG,RGB,False,black_rot,train
dataset\Apple___healthy\image (322).JPG,Apple___healthy,256,256,JPEG,RGB,False,healthy,validation
dataset\Apple___healthy\image (630).JPG,Apple___healthy,256,256,JPEG,RGB,False,healthy,train
dataset\Apple___Black_rot\image (373).JPG,Apple___Black_rot,256,256,JPEG,RGB,False,black_rot,test
dataset\Apple___Cedar_apple_rust\image (105).JPG,Apple___Cedar_apple_rust,256,256,JPEG,RGB,False,cedar_rust,train
dataset\Apple___Black_rot\image (551).JPG,Apple___Black_rot,256,256,JPEG,RGB,False,black_rot,test
dataset\Apple___healthy\image (1334).JPG,Apple___healthy,256,256,JPEG,RGB,False,healthy,train
dataset\Apple___healthy\image (1265).JPG,Apple___healthy,256,256,JPEG,RGB,False,healthy,train
dataset\Apple___Black_rot\image (88).JPG,Apple___Black_rot,256,256,JPEG,RGB,False,black_rot,train
dataset\Apple___Apple_scab\image (516).JPG,Apple___Apple_scab,256,256,JPEG,RGB,False,apple_scab,train
dataset\Apple___Cedar_apple_rust\image (155).JPG,Apple___Cedar_apple_rust,256,256,JPEG,RGB,False,cedar_rust,train
dataset\Apple___healthy\image (900).JPG,Apple___healthy,256,256,JPEG,RGB,False,healthy,train
dataset\Apple___Black_rot\image (215).JPG,Apple___Black_rot,256,256,JPEG,RGB,False,black_rot,train
dataset\Apple___Apple_scab\image (370).JPG,Apple___Apple_scab,256,256,JPEG,RGB,False,apple_scab,train
dataset\Apple___healthy\image (1138).JPG,Apple___healthy,256,256,JPEG,RGB,False,healthy,validation
dataset\Apple___healthy\image (944).JPG,Apple___healthy,256,256,JPEG,RGB,False,healthy,test
dataset\Apple___Black_rot\image (260).JPG,Apple___Black_rot,256,256,JPEG,RGB,False,black_rot,train
dataset\Apple___healthy\image (1523).JPG,Apple___healthy,256,256,JPEG,RGB,False,healthy,train
dataset\Apple___healthy\image (41).JPG,Apple___healthy,256,256,JPEG,RGB,False,healthy,test
dataset\Apple___Apple_scab\image (99).JPG,Apple___Apple_scab,256,256,JPEG,RGB,False,apple_scab,train
dataset\Apple___healthy\image (919).JPG,Apple___healthy,256,256,JPEG,RGB,False,healthy,train
dataset\Apple___Apple_scab\image (2).JPG,Apple___Apple_scab,256,256,JPEG,RGB,False,apple_scab,train
dataset\Apple___healthy\image (624).JPG,Apple___healthy,256,256,JPEG,RGB,False,healthy,train
dataset\Apple___Apple_scab\image (318).JPG,Apple___Apple_scab,256,256,JPEG,RGB,False,apple_scab,validation
dataset\Apple___Black_rot\image (234).JPG,Apple___Black_rot,256,256,JPEG,RGB,False,black_rot,test
dataset\Apple___Apple_scab\image (85).JPG,Apple___Apple_scab,256,256,JPEG,RGB,False,apple_scab,test
dataset\Apple___healthy\image (1469).JPG,Apple___healthy,256,256,JPEG,RGB,False,healthy,train
dataset\Apple___healthy\image (1063).JPG,Apple___healthy,256,256,JPEG,RGB,False,healthy,train
dataset\Apple___Black_rot\image (245).JPG,Apple___Black_rot,256,256,JPEG,RGB,False,black_rot,train
dataset\Apple___Black_rot\image (288).JPG,Apple___Black_rot,256,256,JPEG,RGB,False,black_rot,train
dataset\Apple___Apple_scab\image (64).JPG,Apple___Apple_scab,256,256,JPEG,RGB,False,apple_scab,train
dataset\Apple___healthy\image (847).JPG,Apple___healthy,256,256,JPEG,RGB,False,healthy,test
dataset\Apple___Cedar_apple_rust\image (141).JPG,Apple___Cedar_apple_rust,256,256,JPEG,RGB,False,cedar_rust,train
dataset\Apple___Apple_scab\image (113).JPG,Apple___Apple_scab,256,256,JPEG,RGB,False,apple_scab,train
dataset\Apple___healthy\image (505).JPG,Apple___healthy,256,256,JPEG,RGB,False,healthy,train
dataset\Apple___Cedar_apple_rust\image (74).JPG,Apple___Cedar_apple_rust,256,256,JPEG,RGB,False,cedar_rust,train
dataset\Apple___healthy\image (487).JPG,Apple___healthy,256,256,JPEG,RGB,False,healthy,train
dataset\Apple___Apple_scab\image (563).JPG,Apple___Apple_scab,256,256,JPEG,RGB,False,apple_scab,train
dataset\Apple___healthy\image (1188).JPG,Apple___healthy,256,256,JPEG,RGB,False,healthy,train
dataset\Apple___Black_rot\image (69).JPG,Apple___Black_rot,256,256,JPEG,RGB,False,black_rot,train
dataset\Apple___healthy\image (1480).JPG,Apple___healthy,256,256,JPEG,RGB,False,healthy,validation
dataset\Apple___healthy\image (1078).JPG,Apple___healthy,256,256,JPEG,RGB,False,healthy,train
dataset\Apple___Black_rot\image (587).JPG,Apple___Black_rot,256,256,JPEG,RGB,False,black_rot,train
dataset\Apple___Apple_scab\image (41).JPG,Apple___Apple_scab,256,256,JPEG,RGB,False,apple_scab,validation
dataset\Apple___healthy\image (495).JPG,Apple___healthy,256,256,JPEG,RGB,False,healthy,test
dataset\Apple___Apple_scab\image (163).JPG,Apple___Apple_scab,256,256,JPEG,RGB,False,apple_scab,test
dataset\Apple___Black_rot\image (449).JPG,Apple___Black_rot,256,256,JPEG,RGB,False,black_rot,validation
dataset\Apple___healthy\image (1057).JPG,Apple___healthy,256,256,JPEG,RGB,False,healthy,test
dataset\Apple___healthy\image (1495).JPG,Apple___healthy,256,256,JPEG,RGB,False,healthy,train
dataset\Apple___Apple_scab\image (556).JPG,Apple___Apple_scab,256,256,JPEG,RGB,False,apple_scab,test
dataset\Apple___Apple_scab\image (386).JPG,Apple___Apple_scab,256,256,JPEG,RGB,False,apple_scab,train
dataset\Apple___Cedar_apple_rust\image (69).JPG,Apple___Cedar_apple_rust,256,256,JPEG,RGB,False,cedar_rust,train
dataset\Apple___healthy\image (887).JPG,Apple___healthy,256,256,JPEG,RGB,False,healthy,train
dataset\Apple___healthy\image (1311).JPG,Apple___healthy,256,256,JPEG,RGB,False,healthy,validation
dataset\Apple___Cedar_apple_rust\image (202).JPG,Apple___Cedar_apple_rust,256,256,JPEG,RGB,False,cedar_rust,train
dataset\Apple___Black_rot\image (123).JPG,Apple___Black_rot,256,256,JPEG,RGB,False,black_rot,train
dataset\Apple___healthy\image (116).JPG,Apple___healthy,256,256,JPEG,RGB,False,healthy,train
dataset\Apple___Apple_scab\image (500).JPG,Apple___Apple_scab,256,256,JPEG,RGB,False,apple_scab,train
dataset\Apple___healthy\image (1126).JPG,Apple___healthy,256,256,JPEG,RGB,False,healthy,test
dataset\Apple___Cedar_apple_rust\image (61).JPG,Apple___Cedar_apple_rust,256,256,JPEG,RGB,False,cedar_rust,test
dataset\Apple___healthy\image (884).JPG,Apple___healthy,256,256,JPEG,RGB,False,healthy,train
dataset\Apple___healthy\image (598).JPG,Apple___healthy,256,256,JPEG,RGB,False,healthy,train
dataset\Apple___healthy\image (1073).JPG,Apple___healthy,256,256,JPEG,RGB,False,healthy,validation
dataset\Apple___Black_rot\image (259).JPG,Apple___Black_rot,256,256,JPEG,RGB,False,black_rot,test
dataset\Apple___Cedar_apple_rust\image (79).JPG,Apple___Cedar_apple_rust,256,256,JPEG,RGB,False,cedar_rust,test
dataset\Apple___healthy\image (1350).JPG,Apple___healthy,256,256,JPEG,RGB,False,healthy,train
dataset\Apple___Apple_scab\image (399).JPG,Apple___Apple_scab,256,256,JPEG,RGB,False,apple_scab,train
dataset\Apple___healthy\image (1384).JPG,Apple___healthy,256,256,JPEG,RGB,False,healthy,train
dataset\Apple___healthy\image (514).JPG,Apple___healthy,256,256,JPEG,RGB,False,healthy,train
dataset\Apple___Black_rot\image (566).JPG,Apple___Black_rot,256,256,JPEG,RGB,False,black_rot,train
dataset\Apple___Apple_scab\image (116).JPG,Apple___Apple_scab,256,256,JPEG,RGB,False,apple_scab,train
dataset\Apple___Apple_scab\image (94).JPG,Apple___Apple_scab,256,256,JPEG,RGB,False,apple_scab,validation
dataset\Apple___healthy\image (1330).JPG,Apple___healthy,256,256,JPEG,RGB,False,healthy,train
dataset\Apple___Black_rot\image (529).JPG,Apple___Black_rot,256,256,JPEG,RGB,False,black_rot,train
dataset\Apple___healthy\image (262).JPG,Apple___healthy,256,256,JPEG,RGB,False,healthy,train
dataset\Apple___healthy\image (558).JPG,Apple___healthy,256,256,JPEG,RGB,False,healthy,train
dataset\Apple___Apple_scab\image (251).JPG,Apple___Apple_scab,256,256,JPEG,RGB,False,apple_scab,validation
dataset\Apple___healthy\image (99).JPG,Apple___healthy,256,256,JPEG,RGB,False,healthy,test
dataset\Apple___healthy\image (836).JPG,Apple___healthy,256,256,JPEG,RGB,False,healthy,test
dataset\Apple___healthy\image (1142).JPG,Apple___healthy,256,256,JPEG,RGB,False,healthy,train
dataset\Apple___healthy\image (357).JPG,Apple___healthy,256,256,JPEG,RGB,False,healthy,train
dataset\Apple___Black_rot\image (266).JPG,Apple___Black_rot,256,256,JPEG,RGB,False,black_rot,train
dataset\Apple___Apple_scab\image (444).JPG,Apple___Apple_scab,256,256,JPEG,RGB,False,apple_scab,train
dataset\Apple___healthy\image (1083).JPG,Apple___healthy,256,256,JPEG,RGB,False,healthy,train
dataset\Apple___healthy\image (1619).JPG,Apple___healthy,256,256,JPEG,RGB,False,healthy,validation
dataset\Apple___healthy\image (631).JPG,Apple___healthy,256,256,JPEG,RGB,False,healthy,train
dataset\Apple___Black_rot\image (19).JPG,Apple___Black_rot,256,256,JPEG,RGB,False,black_rot,train
dataset\Apple___healthy\image (111).JPG,Apple___healthy,256,256,JPEG,RGB,False,healthy,train
dataset\Apple___healthy\image (1602).JPG,Apple___healthy,256,256,JPEG,RGB,False,healthy,train
dataset\Apple___Black_rot\image (106).JPG,Apple___Black_rot,256,256,JPEG,RGB,False,black_rot,train
dataset\Apple___Cedar_apple_rust\image (209).JPG,Apple___Cedar_apple_rust,256,256,JPEG,RGB,False,cedar_rust,train
dataset\Apple___Apple_scab\image (213).JPG,Apple___Apple_scab,256,256,JPEG,RGB,False,apple_scab,test
dataset\Apple___healthy\image (942).JPG,Apple___healthy,256,256,JPEG,RGB,False,healthy,train
dataset\Apple___Apple_scab\image (45).JPG,Apple___Apple_scab,256,256,JPEG,RGB,False,apple_scab,validation
dataset\Apple___Cedar_apple_rust\image (241).JPG,Apple___Cedar_apple_rust,256,256,JPEG,RGB,False,cedar_rust,train
dataset\Apple___healthy\image (1066).JPG,Apple___healthy,256,256,JPEG,RGB,False,healthy,train
dataset\Apple___Apple_scab\image (307).JPG,Apple___Apple_scab,256,256,JPEG,RGB,False,apple_scab,train
dataset\Apple___Apple_scab\image (154).JPG,Apple___Apple_scab,256,256,JPEG,RGB,False,apple_scab,validation
dataset\Apple___healthy\image (763).JPG,Apple___healthy,256,256,JPEG,RGB,False,healthy,test
dataset\Apple___Apple_scab\image (75).JPG,Apple___Apple_scab,256,256,JPEG,RGB,False,apple_scab,train
dataset\Apple___healthy\image (230).JPG,Apple___healthy,256,256,JPEG,RGB,False,healthy,train
dataset\Apple___Black_rot\image (603).JPG,Apple___Black_rot,256,256,JPEG,RGB,False,black_rot,train
dataset\Apple___healthy\image (1606).JPG,Apple___healthy,256,256,JPEG,RGB,False,healthy,validation
dataset\Apple___Apple_scab\image (385).JPG,Apple___Apple_scab,256,256,JPEG,RGB,False,apple_scab,validation
dataset\Apple___Apple_scab\image (517).JPG,Apple___Apple_scab,256,256,JPEG,RGB,False,apple_scab,train
dataset\Apple___Black_rot\image (547).JPG,Apple___Black_rot,256,256,JPEG,RGB,False,black_rot,train
dataset\Apple___Black_rot\image (111).JPG,Apple___Black_rot,256,256,JPEG,RGB,False,black_rot,train
dataset\Apple___healthy\image (1077).JPG,Apple___healthy,256,256,JPEG,RGB,False,healthy,train
dataset\Apple___Black_rot\image (381).JPG,Apple___Black_rot,256,256,JPEG,RGB,False,black_rot,train
dataset\Apple___healthy\image (1349).JPG,Apple___healthy,256,256,JPEG,RGB,False,healthy,train
dataset\Apple___Black_rot\image (510).JPG,Apple___Black_rot,256,256,JPEG,RGB,False,black_rot,test
dataset\Apple___healthy\image (870).JPG,Apple___healthy,256,256,JPEG,RGB,False,healthy,test
dataset\Apple___healthy\image (874).JPG,Apple___healthy,256,256,JPEG,RGB,False,healthy,train
dataset\Apple___Black_rot\image (365).JPG,Apple___Black_rot,256,256,JPEG,RGB,False,black_rot,train
dataset\Apple___Black_rot\image (237).JPG,Apple___Black_rot,256,256,JPEG,RGB,False,black_rot,test
dataset\Apple___healthy\image (822).JPG,Apple___healthy,256,256,JPEG,RGB,False,healthy,train
dataset\Apple___healthy\image (152).JPG,Apple___healthy,256,256,JPEG,RGB,False,healthy,train
dataset\Apple___Black_rot\image (604).JPG,Apple___Black_rot,256,256,JPEG,RGB,False,black_rot,train
dataset\Apple___healthy\image (351).JPG,Apple___healthy,256,256,JPEG,RGB,False,healthy,validation
dataset\Apple___healthy\image (18).JPG,Apple___healthy,256,256,JPEG,RGB,False,healthy,train
dataset\Apple___healthy\image (19).JPG,Apple___healthy,256,256,JPEG,RGB,False,healthy,test
dataset\Apple___healthy\image (412).JPG,Apple___healthy,256,256,JPEG,RGB,False,healthy,train
dataset\Apple___healthy\image (1493).JPG,Apple___healthy,256,256,JPEG,RGB,False,healthy,validation
dataset\Apple___healthy\image (1256).JPG,Apple___healthy,256,256,JPEG,RGB,False,healthy,test
dataset\Apple___Cedar_apple_rust\image (62).JPG,Apple___Cedar_apple_rust,256,256,JPEG,RGB,False,cedar_rust,validation
dataset\Apple___Black_rot\image (86).JPG,Apple___Black_rot,256,256,JPEG,RGB,False,black_rot,train
dataset\Apple___Black_rot\image (28).JPG,Apple___Black_rot,256,256,JPEG,RGB,False,black_rot,test
dataset\Apple___healthy\image (1498).JPG,Apple___healthy,256,256,JPEG,RGB,False,healthy,train
dataset\Apple___healthy\image (44).JPG,Apple___healthy,256,256,JPEG,RGB,False,healthy,train
dataset\Apple___healthy\image (1098).JPG,Apple___healthy,256,256,JPEG,RGB,False,healthy,test
dataset\Apple___healthy\image (202).JPG,Apple___healthy,256,256,JPEG,RGB,False,healthy,train
dataset\Apple___healthy\image (663).JPG,Apple___healthy,256,256,JPEG,RGB,False,healthy,test
dataset\Apple___Cedar_apple_rust\image (227).JPG,Apple___Cedar_apple_rust,256,256,JPEG,RGB,False,cedar_rust,train
dataset\Apple___healthy\image (713).JPG,Apple___healthy,256,256,JPEG,RGB,False,healthy,test
dataset\Apple___healthy\image (1586).JPG,Apple___healthy,256,256,JPEG,RGB,False,healthy,train
dataset\Apple___healthy\image (1242).JPG,Apple___healthy,256,256,JPEG,RGB,False,healthy,train
dataset\Apple___healthy\image (1637).JPG,Apple___healthy,256,256,JPEG,RGB,False,healthy,train
dataset\Apple___Apple_scab\image (408).JPG,Apple___Apple_scab,256,256,JPEG,RGB,False,apple_scab,validation
dataset\Apple___Apple_scab\image (496).JPG,Apple___Apple_scab,256,256,JPEG,RGB,False,apple_scab,test
dataset\Apple___healthy\image (957).JPG,Apple___healthy,256,256,JPEG,RGB,False,healthy,train
dataset\Apple___Apple_scab\image (70).JPG,Apple___Apple_scab,256,256,JPEG,RGB,False,apple_scab,train
dataset\Apple___healthy\image (588).JPG,Apple___healthy,256,256,JPEG,RGB,False,healthy,validation
dataset\Apple___healthy\image (378).JPG,Apple___healthy,256,256,JPEG,RGB,False,healthy,train
dataset\Apple___Cedar_apple_rust\image (102).JPG,Apple___Cedar_apple_rust,256,256,JPEG,RGB,False,cedar_rust,train
dataset\Apple___healthy\image (851).JPG,Apple___healthy,256,256,JPEG,RGB,False,healthy,train
dataset\Apple___Apple_scab\image (170).JPG,Apple___Apple_scab,256,256,JPEG,RGB,False,apple_scab,train
dataset\Apple___healthy\image (1603).JPG,Apple___healthy,256,256,JPEG,RGB,False,healthy,test
dataset\Apple___healthy\image (1135).JPG,Apple___healthy,256,256,JPEG,RGB,False,healthy,train
dataset\Apple___Black_rot\image (615).JPG,Apple___Black_rot,256,256,JPEG,RGB,False,black_rot,train
dataset\Apple___Black_rot\image (64).JPG,Apple___Black_rot,256,256,JPEG,RGB,False,black_rot,train
dataset\Apple___healthy\image (989).JPG,Apple___healthy,256,256,JPEG,RGB,False,healthy,test
dataset\Apple___healthy\image (899).JPG,Apple___healthy,256,256,JPEG,RGB,False,healthy,test
dataset\Apple___Apple_scab\image (249).JPG,Apple___Apple_scab,256,256,JPEG,RGB,False,apple_scab,test
dataset\Apple___Cedar_apple_rust\image (132).JPG,Apple___Cedar_apple_rust,256,256,JPEG,RGB,False,cedar_rust,train
dataset\Apple___healthy\image (113).JPG,Apple___healthy,256,256,JPEG,RGB,False,healthy,train
dataset\Apple___healthy\image (118).JPG,Apple___healthy,256,256,JPEG,RGB,False,healthy,train
dataset\Apple___Black_rot\image (4).JPG,Apple___Black_rot,256,256,JPEG,RGB,False,black_rot,train
dataset\Apple___healthy\image (617).JPG,Apple___healthy,256,256,JPEG,RGB,False,healthy,validation
dataset\Apple___Black_rot\image (463).JPG,Apple___Black_rot,256,256,JPEG,RGB,False,black_rot,validation
dataset\Apple___Black_rot\image (152).JPG,Apple___Black_rot,256,256,JPEG,RGB,False,black_rot,train
dataset\Apple___healthy\image (968).JPG,Apple___healthy,256,256,JPEG,RGB,False,healthy,validation
dataset\Apple___Cedar_apple_rust\image (104).JPG,Apple___Cedar_apple_rust,256,256,JPEG,RGB,False,cedar_rust,train
dataset\Apple___healthy\image (562).JPG,Apple___healthy,256,256,JPEG,RGB,False,healthy,train
dataset\Apple___Apple_scab\image (201).JPG,Apple___Apple_scab,256,256,JPEG,RGB,False,apple_scab,train
dataset\Apple___Cedar_apple_rust\image (195).JPG,Apple___Cedar_apple_rust,256,256,JPEG,RGB,False,cedar_rust,train
dataset\Apple___healthy\image (47).JPG,Apple___healthy,256,256,JPEG,RGB,False,healthy,test
dataset\Apple___healthy\image (857).JPG,Apple___healthy,256,256,JPEG,RGB,False,healthy,train
dataset\Apple___Apple_scab\image (423).JPG,Apple___Apple_scab,256,256,JPEG,RGB,False,apple_scab,train
dataset\Apple___healthy\image (1448).JPG,Apple___healthy,256,256,JPEG,RGB,False,healthy,train
dataset\Apple___Apple_scab\image (573).JPG,Apple___Apple_scab,256,256,JPEG,RGB,False,apple_scab,train
dataset\Apple___healthy\image (1198).JPG,Apple___healthy,256,256,JPEG,RGB,False,healthy,train
dataset\Apple___healthy\image (376).JPG,Apple___healthy,256,256,JPEG,RGB,False,healthy,train
dataset\Apple___Apple_scab\image (59).JPG,Apple___Apple_scab,256,256,JPEG,RGB,False,apple_scab,train
dataset\Apple___Cedar_apple_rust\image (142).JPG,Apple___Cedar_apple_rust,256,256,JPEG,RGB,False,cedar_rust,train
dataset\Apple___Black_rot\image (435).JPG,Apple___Black_rot,256,256,JPEG,RGB,False,black_rot,test
dataset\Apple___Black_rot\image (414).JPG,Apple___Black_rot,256,256,JPEG,RGB,False,black_rot,train
dataset\Apple___Cedar_apple_rust\image (181).JPG,Apple___Cedar_apple_rust,256,256,JPEG,RGB,False,cedar_rust,train
dataset\Apple___healthy\image (130).JPG,Apple___healthy,256,256,JPEG,RGB,False,healthy,test
dataset\Apple___Apple_scab\image (46).JPG,Apple___Apple_scab,256,256,JPEG,RGB,False,apple_scab,train
dataset\Apple___healthy\image (397).JPG,Apple___healthy,256,256,JPEG,RGB,False,healthy,test
dataset\Apple___healthy\image (1235).JPG,Apple___healthy,256,256,JPEG,RGB,False,healthy,train
dataset\Apple___Black_rot\image (209).JPG,Apple___Black_rot,256,256,JPEG,RGB,False,black_rot,train
dataset\Apple___healthy\image (6).JPG,Apple___healthy,256,256,JPEG,RGB,False,healthy,train
dataset\Apple___healthy\image (139).JPG,Apple___healthy,256,256,JPEG,RGB,False,healthy,train
dataset\Apple___healthy\image (1457).JPG,Apple___healthy,256,256,JPEG,RGB,False,healthy,train
dataset\Apple___Cedar_apple_rust\image (84).JPG,Apple___Cedar_apple_rust,256,256,JPEG,RGB,False,cedar_rust,train
dataset\Apple___Cedar_apple_rust\image (45).JPG,Apple___Cedar_apple_rust,256,256,JPEG,RGB,False,cedar_rust,validation
dataset\Apple___healthy\image (1638).JPG,Apple___healthy,256,256,JPEG,RGB,False,healthy,train
dataset\Apple___Black_rot\image (578).JPG,Apple___Black_rot,256,256,JPEG,RGB,False,black_rot,validation
dataset\Apple___Apple_scab\image (13).JPG,Apple___Apple_scab,256,256,JPEG,RGB,False,apple_scab,test
dataset\Apple___healthy\image (608).JPG,Apple___healthy,256,256,JPEG,RGB,False,healthy,test
dataset\Apple___Apple_scab\image (377).JPG,Apple___Apple_scab,256,256,JPEG,RGB,False,apple_scab,test
dataset\Apple___healthy\image (945).JPG,Apple___healthy,256,256,JPEG,RGB,False,healthy,test
dataset\Apple___Black_rot\image (542).JPG,Apple___Black_rot,256,256,JPEG,RGB,False,black_rot,test
dataset\Apple___healthy\image (1079).JPG,Apple___healthy,256,256,JPEG,RGB,False,healthy,validation
dataset\Apple___Apple_scab\image (322).JPG,Apple___Apple_scab,256,256,JPEG,RGB,False,apple_scab,train
dataset\Apple___Apple_scab\image (328).JPG,Apple___Apple_scab,256,256,JPEG,RGB,False,apple_scab,train
dataset\Apple___Apple_scab\image (212).JPG,Apple___Apple_scab,256,256,JPEG,RGB,False,apple_scab,train
dataset\Apple___healthy\image (1296).JPG,Apple___healthy,256,256,JPEG,RGB,False,healthy,train
dataset\Apple___Apple_scab\image (584).JPG,Apple___Apple_scab,256,256,JPEG,RGB,False,apple_scab,train
dataset\Apple___Black_rot\image (301).JPG,Apple___Black_rot,256,256,JPEG,RGB,False,black_rot,train
dataset\Apple___healthy\image (349).JPG,Apple___healthy,256,256,JPEG,RGB,False,healthy,test
dataset\Apple___Apple_scab\image (311).JPG,Apple___Apple_scab,256,256,JPEG,RGB,False,apple_scab,validation
dataset\Apple___Cedar_apple_rust\image (161).JPG,Apple___Cedar_apple_rust,256,256,JPEG,RGB,False,cedar_rust,validation
dataset\Apple___Black_rot\image (195).JPG,Apple___Black_rot,256,256,JPEG,RGB,False,black_rot,train
dataset\Apple___Apple_scab\image (497).JPG,Apple___Apple_scab,256,256,JPEG,RGB,False,apple_scab,validation
dataset\Apple___healthy\image (1587).JPG,Apple___healthy,256,256,JPEG,RGB,False,healthy,train
dataset\Apple___healthy\image (1105).JPG,Apple___healthy,256,256,JPEG,RGB,False,healthy,train
dataset\Apple___Black_rot\image (439).JPG,Apple___Black_rot,256,256,JPEG,RGB,False,black_rot,train
dataset\Apple___healthy\image (778).JPG,Apple___healthy,256,256,JPEG,RGB,False,healthy,train
dataset\Apple___healthy\image (473).JPG,Apple___healthy,256,256,JPEG,RGB,False,healthy,validation
dataset\Apple___healthy\image (1438).JPG,Apple___healthy,256,256,JPEG,RGB,False,healthy,validation
dataset\Apple___Apple_scab\image (197).JPG,Apple___Apple_scab,256,256,JPEG,RGB,False,apple_scab,train
dataset\Apple___Black_rot\image (596).JPG,Apple___Black_rot,256,256,JPEG,RGB,False,black_rot,train
dataset\Apple___healthy\image (82).JPG,Apple___healthy,256,256,JPEG,RGB,False,healthy,train
dataset\Apple___Black_rot\image (584).JPG,Apple___Black_rot,256,256,JPEG,RGB,False,black_rot,test
dataset\Apple___healthy\image (135).JPG,Apple___healthy,256,256,JPEG,RGB,False,healthy,train
dataset\Apple___Black_rot\image (227).JPG,Apple___Black_rot,256,256,JPEG,RGB,False,black_rot,test
dataset\Apple___healthy\image (520).JPG,Apple___healthy,256,256,JPEG,RGB,False,healthy,test
dataset\Apple___Black_rot\image (575).JPG,Apple___Black_rot,256,256,JPEG,RGB,False,black_rot,train
dataset\Apple___healthy\image (241).JPG,Apple___healthy,256,256,JPEG,RGB,False,healthy,train
dataset\Apple___Apple_scab\image (95).JPG,Apple___Apple_scab,256,256,JPEG,RGB,False,apple_scab,train
dataset\Apple___Black_rot\image (253).JPG,Apple___Black_rot,256,256,JPEG,RGB,False,black_rot,train
dataset\Apple___healthy\image (346).JPG,Apple___healthy,256,256,JPEG,RGB,False,healthy,test
dataset\Apple___Black_rot\image (314).JPG,Apple___Black_rot,256,256,JPEG,RGB,False,black_rot,test
dataset\Apple___Black_rot\image (272).JPG,Apple___Black_rot,256,256,JPEG,RGB,False,black_rot,train
dataset\Apple___healthy\image (1267).JPG,Apple___healthy,256,256,JPEG,RGB,False,healthy,train
dataset\Apple___healthy\image (940).JPG,Apple___healthy,256,256,JPEG,RGB,False,healthy,train
dataset\Apple___healthy\image (277).JPG,Apple___healthy,256,256,JPEG,RGB,False,healthy,train
dataset\Apple___Black_rot\image (40).JPG,Apple___Black_rot,256,256,JPEG,RGB,False,black_rot,validation
dataset\Apple___Cedar_apple_rust\image (167).JPG,Apple___Cedar_apple_rust,256,256,JPEG,RGB,False,cedar_rust,validation
dataset\Apple___Black_rot\image (297).JPG,Apple___Black_rot,256,256,JPEG,RGB,False,black_rot,train
dataset\Apple___Cedar_apple_rust\image (252).JPG,Apple___Cedar_apple_rust,256,256,JPEG,RGB,False,cedar_rust,train
dataset\Apple___healthy\image (1425).JPG,Apple___healthy,256,256,JPEG,RGB,False,healthy,train
dataset\Apple___healthy\image (689).JPG,Apple___healthy,256,256,JPEG,RGB,False,healthy,train
dataset\Apple___Apple_scab\image (237).JPG,Apple___Apple_scab,256,256,JPEG,RGB,False,apple_scab,train
dataset\Apple___healthy\image (1030).JPG,Apple___healthy,256,256,JPEG,RGB,False,healthy,validation
dataset\Apple___healthy\image (1180).JPG,Apple___healthy,256,256,JPEG,RGB,False,healthy,train
dataset\Apple___healthy\image (204).JPG,Apple___healthy,256,256,JPEG,RGB,False,healthy,validation
dataset\Apple___healthy\image (472).JPG,Apple___healthy,256,256,JPEG,RGB,False,healthy,train
dataset\Apple___Apple_scab\image (604).JPG,Apple___Apple_scab,256,256,JPEG,RGB,False,apple_scab,validation
dataset\Apple___healthy\image (1569).JPG,Apple___healthy,256,256,JPEG,RGB,False,healthy,train
dataset\Apple___healthy\image (324).JPG,Apple___healthy,256,256,JPEG,RGB,False,healthy,train
dataset\Apple___healthy\image (845).JPG,Apple___healthy,256,256,JPEG,RGB,False,healthy,validation
dataset\Apple___Black_rot\image (557).JPG,Apple___Black_rot,256,256,JPEG,RGB,False,black_rot,validation
dataset\Apple___Black_rot\image (560).JPG,Apple___Black_rot,256,256,JPEG,RGB,False,black_rot,validation
dataset\Apple___healthy\image (767).JPG,Apple___healthy,256,256,JPEG,RGB,False,healthy,train
dataset\Apple___Black_rot\image (616).JPG,Apple___Black_rot,256,256,JPEG,RGB,False,black_rot,train
dataset\Apple___healthy\image (203).JPG,Apple___healthy,256,256,JPEG,RGB,False,healthy,train
dataset\Apple___Apple_scab\image (155).JPG,Apple___Apple_scab,256,256,JPEG,RGB,False,apple_scab,test
dataset\Apple___healthy\image (87).JPG,Apple___healthy,256,256,JPEG,RGB,False,healthy,test
dataset\Apple___Black_rot\image (520).JPG,Apple___Black_rot,256,256,JPEG,RGB,False,black_rot,train
dataset\Apple___healthy\image (810).JPG,Apple___healthy,256,256,JPEG,RGB,False,healthy,validation
dataset\Apple___Apple_scab\image (140).JPG,Apple___Apple_scab,256,256,JPEG,RGB,False,apple_scab,train
dataset\Apple___Black_rot\image (368).JPG,Apple___Black_rot,256,256,JPEG,RGB,False,black_rot,train
dataset\Apple___healthy\image (1345).JPG,Apple___healthy,256,256,JPEG,RGB,False,healthy,validation
dataset\Apple___healthy\image (75).JPG,Apple___healthy,256,256,JPEG,RGB,False,healthy,train
dataset\Apple___healthy\image (1221).JPG,Apple___healthy,256,256,JPEG,RGB,False,healthy,train
dataset\Apple___healthy\image (1320).JPG,Apple___healthy,256,256,JPEG,RGB,False,healthy,train
dataset\Apple___healthy\image (579).JPG,Apple___healthy,256,256,JPEG,RGB,False,healthy,train
dataset\Apple___healthy\image (1560).JPG,Apple___healthy,256,256,JPEG,RGB,False,healthy,train
dataset\Apple___Black_rot\image (6).JPG,Apple___Black_rot,256,256,JPEG,RGB,False,black_rot,test
dataset\Apple___healthy\image (1540).JPG,Apple___healthy,256,256,JPEG,RGB,False,healthy,train
dataset\Apple___healthy\image (469).JPG,Apple___healthy,256,256,JPEG,RGB,False,healthy,train
dataset\Apple___Apple_scab\image (550).JPG,Apple___Apple_scab,256,256,JPEG,RGB,False,apple_scab,train
dataset\Apple___healthy\image (1280).JPG,Apple___healthy,256,256,JPEG,RGB,False,healthy,train
dataset\Apple___healthy\image (527).JPG,Apple___healthy,256,256,JPEG,RGB,False,healthy,train
dataset\Apple___Apple_scab\image (22).JPG,Apple___Apple_scab,256,256,JPEG,RGB,False,apple_scab,validation
dataset\Apple___healthy\image (242).JPG,Apple___healthy,256,256,JPEG,RGB,False,healthy,train
dataset\Apple___healthy\image (255).JPG,Apple___healthy,256,256,JPEG,RGB,False,healthy,train
dataset\Apple___healthy\image (174).JPG,Apple___healthy,256,256,JPEG,RGB,False,healthy,train
dataset\Apple___Cedar_apple_rust\image (89).JPG,Apple___Cedar_apple_rust,256,256,JPEG,RGB,False,cedar_rust,train
dataset\Apple___healthy\image (930).JPG,Apple___healthy,256,256,JPEG,RGB,False,healthy,train
dataset\Apple___Black_rot\image (478).JPG,Apple___Black_rot,256,256,JPEG,RGB,False,black_rot,train
dataset\Apple___healthy\image (1589).JPG,Apple___healthy,256,256,JPEG,RGB,False,healthy,train
dataset\Apple___healthy\image (1525).JPG,Apple___healthy,256,256,JPEG,RGB,False,healthy,test
dataset\Apple___healthy\image (1132).JPG,Apple___healthy,256,256,JPEG,RGB,False,healthy,train
dataset\Apple___Apple_scab\image (56).JPG,Apple___Apple_scab,256,256,JPEG,RGB,False,apple_scab,train
dataset\Apple___Black_rot\image (73).JPG,Apple___Black_rot,256,256,JPEG,RGB,False,black_rot,train
dataset\Apple___Cedar_apple_rust\image (27).JPG,Apple___Cedar_apple_rust,256,256,JPEG,RGB,False,cedar_rust,test
dataset\Apple___healthy\image (823).JPG,Apple___healthy,256,256,JPEG,RGB,False,healthy,test
dataset\Apple___healthy\image (817).JPG,Apple___healthy,256,256,JPEG,RGB,False,healthy,train
dataset\Apple___healthy\image (280).JPG,Apple___healthy,256,256,JPEG,RGB,False,healthy,train
dataset\Apple___healthy\image (735).JPG,Apple___healthy,256,256,JPEG,RGB,False,healthy,validation
dataset\Apple___Black_rot\image (296).JPG,Apple___Black_rot,256,256,JPEG,RGB,False,black_rot,train
dataset\Apple___Apple_scab\image (407).JPG,Apple___Apple_scab,256,256,JPEG,RGB,False,apple_scab,train
dataset\Apple___Apple_scab\image (351).JPG,Apple___Apple_scab,256,256,JPEG,RGB,False,apple_scab,train
dataset\Apple___Black_rot\image (118).JPG,Apple___Black_rot,256,256,JPEG,RGB,False,black_rot,test
dataset\Apple___healthy\image (1266).JPG,Apple___healthy,256,256,JPEG,RGB,False,healthy,train
dataset\Apple___healthy\image (1374).JPG,Apple___healthy,256,256,JPEG,RGB,False,healthy,train
dataset\Apple___Apple_scab\image (305).JPG,Apple___Apple_scab,256,256,JPEG,RGB,False,apple_scab,train
dataset\Apple___healthy\image (497).JPG,Apple___healthy,256,256,JPEG,RGB,False,healthy,train
dataset\Apple___Black_rot\image (380).JPG,Apple___Black_rot,256,256,JPEG,RGB,False,black_rot,train
dataset\Apple___healthy\image (938).JPG,Apple___healthy,256,256,JPEG,RGB,False,healthy,train
dataset\Apple___Cedar_apple_rust\image (136).JPG,Apple___Cedar_apple_rust,256,256,JPEG,RGB,False,cedar_rust,validation
dataset\Apple___Cedar_apple_rust\image (128).JPG,Apple___Cedar_apple_rust,256,256,JPEG,RGB,False,cedar_rust,train
dataset\Apple___healthy\image (320).JPG,Apple___healthy,256,256,JPEG,RGB,False,healthy,train
dataset\Apple___Apple_scab\image (260).JPG,Apple___Apple_scab,256,256,JPEG,RGB,False,apple_scab,validation
dataset\Apple___Cedar_apple_rust\image (240).JPG,Apple___Cedar_apple_rust,256,256,JPEG,RGB,False,cedar_rust,test
dataset\Apple___healthy\image (947).JPG,Apple___healthy,256,256,JPEG,RGB,False,healthy,test
dataset\Apple___Apple_scab\image (33).JPG,Apple___Apple_scab,256,256,JPEG,RGB,False,apple_scab,train
dataset\Apple___Black_rot\image (525).JPG,Apple___Black_rot,256,256,JPEG,RGB,False,black_rot,train
dataset\Apple___Apple_scab\image (345).JPG,Apple___Apple_scab,256,256,JPEG,RGB,False,apple_scab,validation
dataset\Apple___healthy\image (939).JPG,Apple___healthy,256,256,JPEG,RGB,False,healthy,train
dataset\Apple___healthy\image (1454).JPG,Apple___healthy,256,256,JPEG,RGB,False,healthy,train
dataset\Apple___Black_rot\image (392).JPG,Apple___Black_rot,256,256,JPEG,RGB,False,black_rot,validation
dataset\Apple___healthy\image (714).JPG,Apple___healthy,256,256,JPEG,RGB,False,healthy,train
dataset\Apple___Black_rot\image (176).JPG,Apple___Black_rot,256,256,JPEG,RGB,False,black_rot,train
dataset\Apple___healthy\image (1572).JPG,Apple___healthy,256,256,JPEG,RGB,False,healthy,validation
dataset\Apple___healthy\image (717).JPG,Apple___healthy,256,256,JPEG,RGB,False,healthy,train
dataset\Apple___Cedar_apple_rust\image (207).JPG,Apple___Cedar_apple_rust,256,256,JPEG,RGB,False,cedar_rust,train
dataset\Apple___Apple_scab\image (405).JPG,Apple___Apple_scab,256,256,JPEG,RGB,False,apple_scab,train
dataset\Apple___Black_rot\image (444).JPG,Apple___Black_rot,256,256,JPEG,RGB,False,black_rot,train
dataset\Apple___Apple_scab\image (42).JPG,Apple___Apple_scab,256,256,JPEG,RGB,False,apple_scab,train
dataset\Apple___Cedar_apple_rust\image (158).JPG,Apple___Cedar_apple_rust,256,256,JPEG,RGB,False,cedar_rust,train
dataset\Apple___healthy\image (1395).JPG,Apple___healthy,256,256,JPEG,RGB,False,healthy,train
dataset\Apple___healthy\image (83).JPG,Apple___healthy,256,256,JPEG,RGB,False,healthy,test
dataset\Apple___healthy\image (1439).JPG,Apple___healthy,256,256,JPEG,RGB,False,healthy,validation
dataset\Apple___healthy\image (1567).JPG,Apple___healthy,256,256,JPEG,RGB,False,healthy,train
dataset\Apple___healthy\image (1321).JPG,Apple___healthy,256,256,JPEG,RGB,False,healthy,validation
dataset\Apple___healthy\image (1220).JPG,Apple___healthy,256,256,JPEG,RGB,False,healthy,train
dataset\Apple___Apple_scab\image (138).JPG,Apple___Apple_scab,256,256,JPEG,RGB,False,apple_scab,validation
dataset\Apple___Cedar_apple_rust\image (10).JPG,Apple___Cedar_apple_rust,256,256,JPEG,RGB,False,cedar_rust,test
dataset\Apple___healthy\image (1052).JPG,Apple___healthy,256,256,JPEG,RGB,False,healthy,train
dataset\Apple___healthy\image (1212).JPG,Apple___healthy,256,256,JPEG,RGB,False,healthy,train
dataset\Apple___Black_rot\image (138).JPG,Apple___Black_rot,256,256,JPEG,RGB,False,black_rot,train
dataset\Apple___healthy\image (1026).JPG,Apple___healthy,256,256,JPEG,RGB,False,healthy,train
dataset\Apple___Black_rot\image (261).JPG,Apple___Black_rot,256,256,JPEG,RGB,False,black_rot,train
dataset\Apple___Apple_scab\image (118).JPG,Apple___Apple_scab,256,256,JPEG,RGB,False,apple_scab,test
dataset\Apple___healthy\image (503).JPG,Apple___healthy,256,256,JPEG,RGB,False,healthy,test
dataset\Apple___Black_rot\image (208).JPG,Apple___Black_rot,256,256,JPEG,RGB,False,black_rot,test
dataset\Apple___healthy\image (525).JPG,Apple___healthy,256,256,JPEG,RGB,False,healthy,train
dataset\Apple___Apple_scab\image (332).JPG,Apple___Apple_scab,256,256,JPEG,RGB,False,apple_scab,train
dataset\Apple___Black_rot\image (198).JPG,Apple___Black_rot,256,256,JPEG,RGB,False,black_rot,train
dataset\Apple___Black_rot\image (428).JPG,Apple___Black_rot,256,256,JPEG,RGB,False,black_rot,train
dataset\Apple___Apple_scab\image (469).JPG,Apple___Apple_scab,256,256,JPEG,RGB,False,apple_scab,validation
dataset\Apple___Apple_scab\image (171).JPG,Apple___Apple_scab,256,256,JPEG,RGB,False,apple_scab,test
dataset\Apple___Apple_scab\image (205).JPG,Apple___Apple_scab,256,256,JPEG,RGB,False,apple_scab,train
dataset\Apple___healthy\image (1183).JPG,Apple___healthy,256,256,JPEG,RGB,False,healthy,validation
dataset\Apple___healthy\image (1369).JPG,Apple___healthy,256,256,JPEG,RGB,False,healthy,train
dataset\Apple___healthy\image (1518).JPG,Apple___healthy,256,256,JPEG,RGB,False,healthy,train
dataset\Apple___Apple_scab\image (523).JPG,Apple___Apple_scab,256,256,JPEG,RGB,False,apple_scab,validation
dataset\Apple___healthy\image (411).JPG,Apple___healthy,256,256,JPEG,RGB,False,healthy,train
dataset\Apple___healthy\image (1040).JPG,Apple___healthy,256,256,JPEG,RGB,False,healthy,train
dataset\Apple___Apple_scab\image (304).JPG,Apple___Apple_scab,256,256,JPEG,RGB,False,apple_scab,train
dataset\Apple___Black_rot\image (8).JPG,Apple___Black_rot,256,256,JPEG,RGB,False,black_rot,test
dataset\Apple___Apple_scab\image (529).JPG,Apple___Apple_scab,256,256,JPEG,RGB,False,apple_scab,train
dataset\Apple___Apple_scab\image (120).JPG,Apple___Apple_scab,256,256,JPEG,RGB,False,apple_scab,train
dataset\Apple___healthy\image (1287).JPG,Apple___healthy,256,256,JPEG,RGB,False,healthy,train
dataset\Apple___healthy\image (134).JPG,Apple___healthy,256,256,JPEG,RGB,False,healthy,train
dataset\Apple___healthy\image (723).JPG,Apple___healthy,256,256,JPEG,RGB,False,healthy,train
dataset\Apple___healthy\image (719).JPG,Apple___healthy,256,256,JPEG,RGB,False,healthy,train
dataset\Apple___Black_rot\image (142).JPG,Apple___Black_rot,256,256,JPEG,RGB,False,black_rot,train
dataset\Apple___Apple_scab\image (303).JPG,Apple___Apple_scab,256,256,JPEG,RGB,False,apple_scab,train
dataset\Apple___Black_rot\image (17).JPG,Apple___Black_rot,256,256,JPEG,RGB,False,black_rot,train
dataset\Apple___healthy\image (937).JPG,Apple___healthy,256,256,JPEG,RGB,False,healthy,train
dataset\Apple___healthy\image (162).JPG,Apple___healthy,256,256,JPEG,RGB,False,healthy,test
dataset\Apple___Cedar_apple_rust\image (213).JPG,Apple___Cedar_apple_rust,256,256,JPEG,RGB,False,cedar_rust,test
dataset\Apple___healthy\image (1549).JPG,Apple___healthy,256,256,JPEG,RGB,False,healthy,train
dataset\Apple___healthy\image (1179).JPG,Apple___healthy,256,256,JPEG,RGB,False,healthy,train
dataset\Apple___Apple_scab\image (289).JPG,Apple___Apple_scab,256,256,JPEG,RGB,False,apple_scab,train
dataset\Apple___Cedar_apple_rust\image (49).JPG,Apple___Cedar_apple_rust,256,256,JPEG,RGB,False,cedar_rust,train
dataset\Apple___healthy\image (756).JPG,Apple___healthy,256,256,JPEG,RGB,False,healthy,train
dataset\Apple___healthy\image (1340).JPG,Apple___healthy,256,256,JPEG,RGB,False,healthy,test
dataset\Apple___healthy\image (548).JPG,Apple___healthy,256,256,JPEG,RGB,False,healthy,train
dataset\Apple___healthy\image (477).JPG,Apple___healthy,256,256,JPEG,RGB,False,healthy,test
dataset\Apple___healthy\image (1598).JPG,Apple___healthy,256,256,JPEG,RGB,False,healthy,train
dataset\Apple___Black_rot\image (450).JPG,Apple___Black_rot,256,256,JPEG,RGB,False,black_rot,train
dataset\Apple___healthy\image (1596).JPG,Apple___healthy,256,256,JPEG,RGB,False,healthy,train
dataset\Apple___healthy\image (629).JPG,Apple___healthy,256,256,JPEG,RGB,False,healthy,train
dataset\Apple___healthy\image (1190).JPG,Apple___healthy,256,256,JPEG,RGB,False,healthy,validation
dataset\Apple___healthy\image (1609).JPG,Apple___healthy,256,256,JPEG,RGB,False,healthy,train
dataset\Apple___healthy\image (665).JPG,Apple___healthy,256,256,JPEG,RGB,False,healthy,train
dataset\Apple___Black_rot\image (11).JPG,Apple___Black_rot,256,256,JPEG,RGB,False,black_rot,train
dataset\Apple___healthy\image (674).JPG,Apple___healthy,256,256,JPEG,RGB,False,healthy,test
dataset\Apple___Black_rot\image (210).JPG,Apple___Black_rot,256,256,JPEG,RGB,False,black_rot,train
dataset\Apple___healthy\image (751).JPG,Apple___healthy,256,256,JPEG,RGB,False,healthy,test
dataset\Apple___Apple_scab\image (615).JPG,Apple___Apple_scab,256,256,JPEG,RGB,False,apple_scab,train
dataset\Apple___Apple_scab\image (232).JPG,Apple___Apple_scab,256,256,JPEG,RGB,False,apple_scab,train
dataset\Apple___healthy\image (1460).JPG,Apple___healthy,256,256,JPEG,RGB,False,healthy,test
dataset\Apple___Black_rot\image (382).JPG,Apple___Black_rot,256,256,JPEG,RGB,False,black_rot,train
dataset\Apple___Black_rot\image (411).JPG,Apple___Black_rot,256,256,JPEG,RGB,False,black_rot,test
dataset\Apple___Apple_scab\image (114).JPG,Apple___Apple_scab,256,256,JPEG,RGB,False,apple_scab,train
dataset\Apple___Apple_scab\image (202).JPG,Apple___Apple_scab,256,256,JPEG,RGB,False,apple_scab,test
dataset\Apple___Black_rot\image (155).JPG,Apple___Black_rot,256,256,JPEG,RGB,False,black_rot,test
dataset\Apple___Black_rot\image (472).JPG,Apple___Black_rot,256,256,JPEG,RGB,False,black_rot,test
dataset\Apple___healthy\image (895).JPG,Apple___healthy,256,256,JPEG,RGB,False,healthy,train
dataset\Apple___Apple_scab\image (562).JPG,Apple___Apple_scab,256,256,JPEG,RGB,False,apple_scab,test
dataset\Apple___Apple_scab\image (549).JPG,Apple___Apple_scab,256,256,JPEG,RGB,False,apple_scab,train
dataset\Apple___Apple_scab\image (148).JPG,Apple___Apple_scab,256,256,JPEG,RGB,False,apple_scab,train
dataset\Apple___healthy\image (258).JPG,Apple___healthy,256,256,JPEG,RGB,False,healthy,train
dataset\Apple___healthy\image (1387).JPG,Apple___healthy,256,256,JPEG,RGB,False,healthy,train
dataset\Apple___Apple_scab\image (403).JPG,Apple___Apple_scab,256,256,JPEG,RGB,False,apple_scab,train
dataset\Apple___Cedar_apple_rust\image (188).JPG,Apple___Cedar_apple_rust,256,256,JPEG,RGB,False,cedar_rust,train
dataset\Apple___Apple_scab\image (68).JPG,Apple___Apple_scab,256,256,JPEG,RGB,False,apple_scab,train
dataset\Apple___Apple_scab\image (588).JPG,Apple___Apple_scab,256,256,JPEG,RGB,False,apple_scab,train
dataset\Apple___Black_rot\image (213).JPG,Apple___Black_rot,256,256,JPEG,RGB,False,black_rot,train
dataset\Apple___healthy\image (350).JPG,Apple___healthy,256,256,JPEG,RGB,False,healthy,train
dataset\Apple___Cedar_apple_rust\image (268).JPG,Apple___Cedar_apple_rust,256,256,JPEG,RGB,False,cedar_rust,test
dataset\Apple___healthy\image (1630).JPG,Apple___healthy,256,256,JPEG,RGB,False,healthy,train
dataset\Apple___healthy\image (805).JPG,Apple___healthy,256,256,JPEG,RGB,False,healthy,train
dataset\Apple___Cedar_apple_rust\image (164).JPG,Apple___Cedar_apple_rust,256,256,JPEG,RGB,False,cedar_rust,train
dataset\Apple___healthy\image (198).JPG,Apple___healthy,256,256,JPEG,RGB,False,healthy,train
dataset\Apple___healthy\image (593).JPG,Apple___healthy,256,256,JPEG,RGB,False,healthy,test
dataset\Apple___Cedar_apple_rust\image (42).JPG,Apple___Cedar_apple_rust,256,256,JPEG,RGB,False,cedar_rust,train
dataset\Apple___healthy\image (1033).JPG,Apple___healthy,256,256,JPEG,RGB,False,healthy,validation
dataset\Apple___Cedar_apple_rust\image (235).JPG,Apple___Cedar_apple_rust,256,256,JPEG,RGB,False,cedar_rust,train
dataset\Apple___Black_rot\image (316).JPG,Apple___Black_rot,256,256,JPEG,RGB,False,black_rot,validation
dataset\Apple___healthy\image (1479).JPG,Apple___healthy,256,256,JPEG,RGB,False,healthy,train
dataset\Apple___Black_rot\image (67).JPG,Apple___Black_rot,256,256,JPEG,RGB,False,black_rot,test
dataset\Apple___Apple_scab\image (142).JPG,Apple___Apple_scab,256,256,JPEG,RGB,False,apple_scab,train
dataset\Apple___Cedar_apple_rust\image (93).JPG,Apple___Cedar_apple_rust,256,256,JPEG,RGB,False,cedar_rust,train
dataset\Apple___Apple_scab\image (624).JPG,Apple___Apple_scab,256,256,JPEG,RGB,False,apple_scab,train
dataset\Apple___healthy\image (92).JPG,Apple___healthy,256,256,JPEG,RGB,False,healthy,train
dataset\Apple___Black_rot\image (322).JPG,Apple___Black_rot,256,256,JPEG,RGB,False,black_rot,validation
dataset\Apple___Apple_scab\image (455).JPG,Apple___Apple_scab,256,256,JPEG,RGB,False,apple_scab,train
dataset\Apple___healthy\image (1418).JPG,Apple___healthy,256,256,JPEG,RGB,False,healthy,validation
dataset\Apple___healthy\image (243).JPG,Apple___healthy,256,256,JPEG,RGB,False,healthy,train
dataset\Apple___Apple_scab\image (254).JPG,Apple___Apple_scab,256,256,JPEG,RGB,False,apple_scab,train
dataset\Apple___healthy\image (76).JPG,Apple___healthy,256,256,JPEG,RGB,False,healthy,train
dataset\Apple___Black_rot\image (401).JPG,Apple___Black_rot,256,256,JPEG,RGB,False,black_rot,train
dataset\Apple___healthy\image (644).JPG,Apple___healthy,256,256,JPEG,RGB,False,healthy,train
dataset\Apple___healthy\image (196).JPG,Apple___healthy,256,256,JPEG,RGB,False,healthy,train
dataset\Apple___healthy\image (708).JPG,Apple___healthy,256,256,JPEG,RGB,False,healthy,train
dataset\Apple___healthy\image (860).JPG,Apple___healthy,256,256,JPEG,RGB,False,healthy,validation
dataset\Apple___healthy\image (556).JPG,Apple___healthy,256,256,JPEG,RGB,False,healthy,test
dataset\Apple___healthy\image (98).JPG,Apple___healthy,256,256,JPEG,RGB,False,healthy,train
dataset\Apple___Apple_scab\image (450).JPG,Apple___Apple_scab,256,256,JPEG,RGB,False,apple_scab,train
dataset\Apple___Apple_scab\image (358).JPG,Apple___Apple_scab,256,256,JPEG,RGB,False,apple_scab,train
dataset\Apple___healthy\image (738).JPG,Apple___healthy,256,256,JPEG,RGB,False,healthy,train
dataset\Apple___healthy\image (464).JPG,Apple___healthy,256,256,JPEG,RGB,False,healthy,train
dataset\Apple___healthy\image (1623).JPG,Apple___healthy,256,256,JPEG,RGB,False,healthy,train
dataset\Apple___Cedar_apple_rust\image (245).JPG,Apple___Cedar_apple_rust,256,256,JPEG,RGB,False,cedar_rust,train
dataset\Apple___healthy\image (379).JPG,Apple___healthy,256,256,JPEG,RGB,False,healthy,train
dataset\Apple___healthy\image (10).JPG,Apple___healthy,256,256,JPEG,RGB,False,healthy,validation
dataset\Apple___healthy\image (151).JPG,Apple___healthy,256,256,JPEG,RGB,False,healthy,train
dataset\Apple___healthy\image (1441).JPG,Apple___healthy,256,256,JPEG,RGB,False,healthy,train
dataset\Apple___healthy\image (1565).JPG,Apple___healthy,256,256,JPEG,RGB,False,healthy,train
dataset\Apple___healthy\image (1041).JPG,Apple___healthy,256,256,JPEG,RGB,False,healthy,train
dataset\Apple___healthy\image (1325).JPG,Apple___healthy,256,256,JPEG,RGB,False,healthy,train
dataset\Apple___healthy\image (581).JPG,Apple___healthy,256,256,JPEG,RGB,False,healthy,train
dataset\Apple___Apple_scab\image (527).JPG,Apple___Apple_scab,256,256,JPEG,RGB,False,apple_scab,validation
dataset\Apple___Apple_scab\image (320).JPG,Apple___Apple_scab,256,256,JPEG,RGB,False,apple_scab,train
dataset\Apple___Apple_scab\image (54).JPG,Apple___Apple_scab,256,256,JPEG,RGB,False,apple_scab,validation
dataset\Apple___healthy\image (1018).JPG,Apple___healthy,256,256,JPEG,RGB,False,healthy,train
dataset\Apple___healthy\image (1550).JPG,Apple___healthy,256,256,JPEG,RGB,False,healthy,train
dataset\Apple___healthy\image (541).JPG,Apple___healthy,256,256,JPEG,RGB,False,healthy,train
dataset\Apple___healthy\image (711).JPG,Apple___healthy,256,256,JPEG,RGB,False,healthy,train
dataset\Apple___Black_rot\image (467).JPG,Apple___Black_rot,256,256,JPEG,RGB,False,black_rot,validation
dataset\Apple___Apple_scab\image (419).JPG,Apple___Apple_scab,256,256,JPEG,RGB,False,apple_scab,train
dataset\Apple___healthy\image (1017).JPG,Apple___healthy,256,256,JPEG,RGB,False,healthy,validation
dataset\Apple___Cedar_apple_rust\image (269).JPG,Apple___Cedar_apple_rust,256,256,JPEG,RGB,False,cedar_rust,train
dataset\Apple___healthy\image (1476).JPG,Apple___healthy,256,256,JPEG,RGB,False,healthy,test
dataset\Apple___Cedar_apple_rust\image (174).JPG,Apple___Cedar_apple_rust,256,256,JPEG,RGB,False,cedar_rust,train
dataset\Apple___Black_rot\image (379).JPG,Apple___Black_rot,256,256,JPEG,RGB,False,black_rot,train
dataset\Apple___Cedar_apple_rust\image (20).JPG,Apple___Cedar_apple_rust,256,256,JPEG,RGB,False,cedar_rust,train
dataset\Apple___Black_rot\image (538).JPG,Apple___Black_rot,256,256,JPEG,RGB,False,black_rot,test
dataset\Apple___healthy\image (1318).JPG,Apple___healthy,256,256,JPEG,RGB,False,healthy,test
dataset\Apple___healthy\image (690).JPG,Apple___healthy,256,256,JPEG,RGB,False,healthy,train
dataset\Apple___Black_rot\image (254).JPG,Apple___Black_rot,256,256,JPEG,RGB,False,black_rot,test
dataset\Apple___Black_rot\image (580).JPG,Apple___Black_rot,256,256,JPEG,RGB,False,black_rot,train
dataset\Apple___healthy\image (1346).JPG,Apple___healthy,256,256,JPEG,RGB,False,healthy,test
dataset\Apple___healthy\image (1269).JPG,Apple___healthy,256,256,JPEG,RGB,False,healthy,validation
dataset\Apple___healthy\image (91).JPG,Apple___healthy,256,256,JPEG,RGB,False,healthy,train
dataset\Apple___Apple_scab\image (534).JPG,Apple___Apple_scab,256,256,JPEG,RGB,False,apple_scab,train
dataset\Apple___healthy\image (1151).JPG,Apple___healthy,256,256,JPEG,RGB,False,healthy,train
dataset\Apple___Apple_scab\image (204).JPG,Apple___Apple_scab,256,256,JPEG,RGB,False,apple_scab,train
dataset\Apple___Black_rot\image (523).JPG,Apple___Black_rot,256,256,JPEG,RGB,False,black_rot,validation
dataset\Apple___Apple_scab\image (194).JPG,Apple___Apple_scab,256,256,JPEG,RGB,False,apple_scab,test
dataset\Apple___healthy\image (80).JPG,Apple___healthy,256,256,JPEG,RGB,False,healthy,validation
dataset\Apple___Apple_scab\image (472).JPG,Apple___Apple_scab,256,256,JPEG,RGB,False,apple_scab,train
dataset\Apple___Apple_scab\image (567).JPG,Apple___Apple_scab,256,256,JPEG,RGB,False,apple_scab,train
dataset\Apple___healthy\image (467).JPG,Apple___healthy,256,256,JPEG,RGB,False,healthy,train
dataset\Apple___Cedar_apple_rust\image (193).JPG,Apple___Cedar_apple_rust,256,256,JPEG,RGB,False,cedar_rust,train
dataset\Apple___healthy\image (722).JPG,Apple___healthy,256,256,JPEG,RGB,False,healthy,test
dataset\Apple___healthy\image (958).JPG,Apple___healthy,256,256,JPEG,RGB,False,healthy,train
dataset\Apple___Black_rot\image (519).JPG,Apple___Black_rot,256,256,JPEG,RGB,False,black_rot,train
dataset\Apple___Black_rot\image (48).JPG,Apple___Black_rot,256,256,JPEG,RGB,False,black_rot,train
dataset\Apple___healthy\image (455).JPG,Apple___healthy,256,256,JPEG,RGB,False,healthy,train
dataset\Apple___Apple_scab\image (457).JPG,Apple___Apple_scab,256,256,JPEG,RGB,False,apple_scab,validation
dataset\Apple___healthy\image (244).JPG,Apple___healthy,256,256,JPEG,RGB,False,healthy,test
dataset\Apple___Cedar_apple_rust\image (8).JPG,Apple___Cedar_apple_rust,256,256,JPEG,RGB,False,cedar_rust,test
dataset\Apple___healthy\image (1409).JPG,Apple___healthy,256,256,JPEG,RGB,False,healthy,train
dataset\Apple___Apple_scab\image (127).JPG,Apple___Apple_scab,256,256,JPEG,RGB,False,apple_scab,train
dataset\Apple___healthy\image (500).JPG,Apple___healthy,256,256,JPEG,RGB,False,healthy,train
dataset\Apple___Apple_scab\image (325).JPG,Apple___Apple_scab,256,256,JPEG,RGB,False,apple_scab,validation
dataset\Apple___healthy\image (12).JPG,Apple___healthy,256,256,JPEG,RGB,False,healthy,validation
dataset\Apple___healthy\image (773).JPG,Apple___healthy,256,256,JPEG,RGB,False,healthy,train
dataset\Apple___Apple_scab\image (625).JPG,Apple___Apple_scab,256,256,JPEG,RGB,False,apple_scab,train
dataset\Apple___Apple_scab\image (268).JPG,Apple___Apple_scab,256,256,JPEG,RGB,False,apple_scab,validation
dataset\Apple___Cedar_apple_rust\image (255).JPG,Apple___Cedar_apple_rust,256,256,JPEG,RGB,False,cedar_rust,train
dataset\Apple___healthy\image (1172).JPG,Apple___healthy,256,256,JPEG,RGB,False,healthy,validation
dataset\Apple___Black_rot\image (225).JPG,Apple___Black_rot,256,256,JPEG,RGB,False,black_rot,train
dataset\Apple___healthy\image (337).JPG,Apple___healthy,256,256,JPEG,RGB,False,healthy,train
dataset\Apple___Black_rot\image (189).JPG,Apple___Black_rot,256,256,JPEG,RGB,False,black_rot,train
dataset\Apple___healthy\image (559).JPG,Apple___healthy,256,256,JPEG,RGB,False,healthy,validation
dataset\Apple___healthy\image (585).JPG,Apple___healthy,256,256,JPEG,RGB,False,healthy,train
dataset\Apple___healthy\image (20).JPG,Apple___healthy,256,256,JPEG,RGB,False,healthy,train
dataset\Apple___healthy\image (301).JPG,Apple___healthy,256,256,JPEG,RGB,False,healthy,validation
dataset\Apple___healthy\image (425).JPG,Apple___healthy,256,256,JPEG,RGB,False,healthy,train
dataset\Apple___Black_rot\image (283).JPG,Apple___Black_rot,256,256,JPEG,RGB,False,black_rot,test
dataset\Apple___Black_rot\image (605).JPG,Apple___Black_rot,256,256,JPEG,RGB,False,black_rot,train
dataset\Apple___Apple_scab\image (568).JPG,Apple___Apple_scab,256,256,JPEG,RGB,False,apple_scab,validation
dataset\Apple___Apple_scab\image (191).JPG,Apple___Apple_scab,256,256,JPEG,RGB,False,apple_scab,validation
dataset\Apple___healthy\image (1092).JPG,Apple___healthy,256,256,JPEG,RGB,False,healthy,train
dataset\Apple___healthy\image (286).JPG,Apple___healthy,256,256,JPEG,RGB,False,healthy,train
dataset\Apple___healthy\image (1245).JPG,Apple___healthy,256,256,JPEG,RGB,False,healthy,train
dataset\Apple___healthy\image (1223).JPG,Apple___healthy,256,256,JPEG,RGB,False,healthy,test
dataset\Apple___Black_rot\image (502).JPG,Apple___Black_rot,256,256,JPEG,RGB,False,black_rot,validation
dataset\Apple___Apple_scab\image (181).JPG,Apple___Apple_scab,256,256,JPEG,RGB,False,apple_scab,test
dataset\Apple___Cedar_apple_rust\image (238).JPG,Apple___Cedar_apple_rust,256,256,JPEG,RGB,False,cedar_rust,train
dataset\Apple___healthy\image (1430).JPG,Apple___healthy,256,256,JPEG,RGB,False,healthy,train
dataset\Apple___Apple_scab\image (617).JPG,Apple___Apple_scab,256,256,JPEG,RGB,False,apple_scab,train
dataset\Apple___healthy\image (1119).JPG,Apple___healthy,256,256,JPEG,RGB,False,healthy,train
dataset\Apple___Black_rot\image (202).JPG,Apple___Black_rot,256,256,JPEG,RGB,False,black_rot,train
dataset\Apple___Cedar_apple_rust\image (81).JPG,Apple___Cedar_apple_rust,256,256,JPEG,RGB,False,cedar_rust,validation
dataset\Apple___healthy\image (729).JPG,Apple___healthy,256,256,JPEG,RGB,False,healthy,test
dataset\Apple___Apple_scab\image (446).JPG,Apple___Apple_scab,256,256,JPEG,RGB,False,apple_scab,test
dataset\Apple___Black_rot\image (464).JPG,Apple___Black_rot,256,256,JPEG,RGB,False,black_rot,train
dataset\Apple___Apple_scab\image (271).JPG,Apple___Apple_scab,256,256,JPEG,RGB,False,apple_scab,validation
dataset\Apple___healthy\image (502).JPG,Apple___healthy,256,256,JPEG,RGB,False,healthy,train
dataset\Apple___Black_rot\image (509).JPG,Apple___Black_rot,256,256,JPEG,RGB,False,black_rot,test
dataset\Apple___Apple_scab\image (366).JPG,Apple___Apple_scab,256,256,JPEG,RGB,False,apple_scab,train
dataset\Apple___Apple_scab\image (594).JPG,Apple___Apple_scab,256,256,JPEG,RGB,False,apple_scab,train
dataset\Apple___healthy\image (1529).JPG,Apple___healthy,256,256,JPEG,RGB,False,healthy,test
dataset\Apple___Black_rot\image (514).JPG,Apple___Black_rot,256,256,JPEG,RGB,False,black_rot,train
dataset\Apple___Black_rot\image (558).JPG,Apple___Black_rot,256,256,JPEG,RGB,False,black_rot,train
dataset\Apple___Apple_scab\image (104).JPG,Apple___Apple_scab,256,256,JPEG,RGB,False,apple_scab,train
dataset\Apple___Black_rot\image (188).JPG,Apple___Black_rot,256,256,JPEG,RGB,False,black_rot,validation
dataset\Apple___healthy\image (766).JPG,Apple___healthy,256,256,JPEG,RGB,False,healthy,train
dataset\Apple___healthy\image (84).JPG,Apple___healthy,256,256,JPEG,RGB,False,healthy,validation
dataset\Apple___healthy\image (1632).JPG,Apple___healthy,256,256,JPEG,RGB,False,healthy,train
dataset\Apple___healthy\image (956).JPG,Apple___healthy,256,256,JPEG,RGB,False,healthy,validation
dataset\Apple___Apple_scab\image (219).JPG,Apple___Apple_scab,256,256,JPEG,RGB,False,apple_scab,validation
dataset\Apple___healthy\image (1109).JPG,Apple___healthy,256,256,JPEG,RGB,False,healthy,train
dataset\Apple___healthy\image (208).JPG,Apple___healthy,256,256,JPEG,RGB,False,healthy,train
dataset\Apple___Black_rot\image (318).JPG,Apple___Black_rot,256,256,JPEG,RGB,False,black_rot,train
dataset\Apple___Apple_scab\image (514).JPG,Apple___Apple_scab,256,256,JPEG,RGB,False,apple_scab,validation
dataset\Apple___healthy\image (1182).JPG,Apple___healthy,256,256,JPEG,RGB,False,healthy,train
dataset\Apple___Cedar_apple_rust\image (43).JPG,Apple___Cedar_apple_rust,256,256,JPEG,RGB,False,cedar_rust,train
dataset\Apple___healthy\image (281).JPG,Apple___healthy,256,256,JPEG,RGB,False,healthy,train
dataset\Apple___healthy\image (1279).JPG,Apple___healthy,256,256,JPEG,RGB,False,healthy,test
dataset\Apple___healthy\image (260).JPG,Apple___healthy,256,256,JPEG,RGB,False,healthy,train
dataset\Apple___healthy\image (14).JPG,Apple___healthy,256,256,JPEG,RGB,False,healthy,train
dataset\Apple___healthy\image (342).JPG,Apple___healthy,256,256,JPEG,RGB,False,healthy,test
dataset\Apple___healthy\image (959).JPG,Apple___healthy,256,256,JPEG,RGB,False,healthy,train
dataset\Apple___healthy\image (1071).JPG,Apple___healthy,256,256,JPEG,RGB,False,healthy,validation
dataset\Apple___healthy\image (1628).JPG,Apple___healthy,256,256,JPEG,RGB,False,healthy,train
dataset\Apple___healthy\image (653).JPG,Apple___healthy,256,256,JPEG,RGB,False,healthy,train
dataset\Apple___healthy\image (677).JPG,Apple___healthy,256,256,JPEG,RGB,False,healthy,validation
dataset\Apple___healthy\image (641).JPG,Apple___healthy,256,256,JPEG,RGB,False,healthy,validation
dataset\Apple___healthy\image (1313).JPG,Apple___healthy,256,256,JPEG,RGB,False,healthy,train
dataset\Apple___healthy\image (1113).JPG,Apple___healthy,256,256,JPEG,RGB,False,healthy,test
dataset\Apple___Black_rot\image (335).JPG,Apple___Black_rot,256,256,JPEG,RGB,False,black_rot,train
dataset\Apple___healthy\image (387).JPG,Apple___healthy,256,256,JPEG,RGB,False,healthy,train
dataset\Apple___Black_rot\image (567).JPG,Apple___Black_rot,256,256,JPEG,RGB,False,black_rot,train
dataset\Apple___healthy\image (200).JPG,Apple___healthy,256,256,JPEG,RGB,False,healthy,train
dataset\Apple___healthy\image (131).JPG,Apple___healthy,256,256,JPEG,RGB,False,healthy,train
dataset\Apple___Black_rot\image (309).JPG,Apple___Black_rot,256,256,JPEG,RGB,False,black_rot,train
dataset\Apple___healthy\image (218).JPG,Apple___healthy,256,256,JPEG,RGB,False,healthy,train
dataset\Apple___healthy\image (1408).JPG,Apple___healthy,256,256,JPEG,RGB,False,healthy,train
dataset\Apple___healthy\image (30).JPG,Apple___healthy,256,256,JPEG,RGB,False,healthy,validation
dataset\Apple___Apple_scab\image (547).JPG,Apple___Apple_scab,256,256,JPEG,RGB,False,apple_scab,train
dataset\Apple___healthy\image (796).JPG,Apple___healthy,256,256,JPEG,RGB,False,healthy,train
dataset\Apple___Black_rot\image (459).JPG,Apple___Black_rot,256,256,JPEG,RGB,False,black_rot,validation
dataset\Apple___healthy\image (1019).JPG,Apple___healthy,256,256,JPEG,RGB,False,healthy,validation
dataset\Apple___Apple_scab\image (412).JPG,Apple___Apple_scab,256,256,JPEG,RGB,False,apple_scab,train
dataset\Apple___healthy\image (363).JPG,Apple___healthy,256,256,JPEG,RGB,False,healthy,train
dataset\Apple___Apple_scab\image (471).JPG,Apple___Apple_scab,256,256,JPEG,RGB,False,apple_scab,test
dataset\Apple___healthy\image (700).JPG,Apple___healthy,256,256,JPEG,RGB,False,healthy,train
dataset\Apple___healthy\image (415).JPG,Apple___healthy,256,256,JPEG,RGB,False,healthy,train
dataset\Apple___Apple_scab\image (537).JPG,Apple___Apple_scab,256,256,JPEG,RGB,False,apple_scab,train
dataset\Apple___Black_rot\image (167).JPG,Apple___Black_rot,256,256,JPEG,RGB,False,black_rot,train
dataset\Apple___healthy\image (1323).JPG,Apple___healthy,256,256,JPEG,RGB,False,healthy,train
dataset\Apple___healthy\image (855).JPG,Apple___healthy,256,256,JPEG,RGB,False,healthy,test
dataset\Apple___Apple_scab\image (421).JPG,Apple___Apple_scab,256,256,JPEG,RGB,False,apple_scab,test
dataset\Apple___healthy\image (1141).JPG,Apple___healthy,256,256,JPEG,RGB,False,healthy,validation
dataset\Apple___healthy\image (1570).JPG,Apple___healthy,256,256,JPEG,RGB,False,healthy,validation
dataset\Apple___Apple_scab\image (467).JPG,Apple___Apple_scab,256,256,JPEG,RGB,False,apple_scab,train
dataset\Apple___healthy\image (607).JPG,Apple___healthy,256,256,JPEG,RGB,False,healthy,train
dataset\Apple___healthy\image (1315).JPG,Apple___healthy,256,256,JPEG,RGB,False,healthy,validation
dataset\Apple___Apple_scab\image (479).JPG,Apple___Apple_scab,256,256,JPEG,RGB,False,apple_scab,train
dataset\Apple___Black_rot\image (396).JPG,Apple___Black_rot,256,256,JPEG,RGB,False,black_rot,test
dataset\Apple___healthy\image (1312).JPG,Apple___healthy,256,256,JPEG,RGB,False,healthy,train
dataset\Apple___healthy\image (1322).JPG,Apple___healthy,256,256,JPEG,RGB,False,healthy,validation
dataset\Apple___healthy\image (426).JPG,Apple___healthy,256,256,JPEG,RGB,False,healthy,train
dataset\Apple___healthy\image (1608).JPG,Apple___healthy,256,256,JPEG,RGB,False,healthy,train
dataset\Apple___Apple_scab\image (100).JPG,Apple___Apple_scab,256,256,JPEG,RGB,False,apple_scab,train
dataset\Apple___healthy\image (1131).JPG,Apple___healthy,256,256,JPEG,RGB,False,healthy,train
dataset\Apple___healthy\image (894).JPG,Apple___healthy,256,256,JPEG,RGB,False,healthy,train
dataset\Apple___healthy\image (1047).JPG,Apple___healthy,256,256,JPEG,RGB,False,healthy,train
dataset\Apple___healthy\image (190).JPG,Apple___healthy,256,256,JPEG,RGB,False,healthy,train
dataset\Apple___Black_rot\image (336).JPG,Apple___Black_rot,256,256,JPEG,RGB,False,black_rot,train
dataset\Apple___Black_rot\image (121).JPG,Apple___Black_rot,256,256,JPEG,RGB,False,black_rot,train
dataset\Apple___healthy\image (1403).JPG,Apple___healthy,256,256,JPEG,RGB,False,healthy,train
dataset\Apple___Cedar_apple_rust\image (44).JPG,Apple___Cedar_apple_rust,256,256,JPEG,RGB,False,cedar_rust,validation
dataset\Apple___Black_rot\image (559).JPG,Apple___Black_rot,256,256,JPEG,RGB,False,black_rot,validation
dataset\Apple___Black_rot\image (477).JPG,Apple___Black_rot,256,256,JPEG,RGB,False,black_rot,train
dataset\Apple___healthy\image (382).JPG,Apple___healthy,256,256,JPEG,RGB,False,healthy,train
dataset\Apple___healthy\image (56).JPG,Apple___healthy,256,256,JPEG,RGB,False,healthy,train
dataset\Apple___healthy\image (684).JPG,Apple___healthy,256,256,JPEG,RGB,False,healthy,train
dataset\Apple___healthy\image (13).JPG,Apple___healthy,256,256,JPEG,RGB,False,healthy,validation
dataset\Apple___Cedar_apple_rust\image (274).JPG,Apple___Cedar_apple_rust,256,256,JPEG,RGB,False,cedar_rust,test
dataset\Apple___Apple_scab\image (83).JPG,Apple___Apple_scab,256,256,JPEG,RGB,False,apple_scab,validation
dataset\Apple___Black_rot\image (50).JPG,Apple___Black_rot,256,256,JPEG,RGB,False,black_rot,validation
dataset\Apple___Apple_scab\image (394).JPG,Apple___Apple_scab,256,256,JPEG,RGB,False,apple_scab,train
dataset\Apple___healthy\image (962).JPG,Apple___healthy,256,256,JPEG,RGB,False,healthy,train
dataset\Apple___healthy\image (1264).JPG,Apple___healthy,256,256,JPEG,RGB,False,healthy,train
dataset\Apple___Black_rot\image (265).JPG,Apple___Black_rot,256,256,JPEG,RGB,False,black_rot,train
dataset\Apple___healthy\image (1175).JPG,Apple___healthy,256,256,JPEG,RGB,False,healthy,train
dataset\Apple___Apple_scab\image (290).JPG,Apple___Apple_scab,256,256,JPEG,RGB,False,apple_scab,train
dataset\Apple___healthy\image (1524).JPG,Apple___healthy,256,256,JPEG,RGB,False,healthy,validation
dataset\Apple___Black_rot\image (29).JPG,Apple___Black_rot,256,256,JPEG,RGB,False,black_rot,train
dataset\Apple___Black_rot\image (130).JPG,Apple___Black_rot,256,256,JPEG,RGB,False,black_rot,train
dataset\Apple___Black_rot\image (618).JPG,Apple___Black_rot,256,256,JPEG,RGB,False,black_rot,train
dataset\Apple___healthy\image (645).JPG,Apple___healthy,256,256,JPEG,RGB,False,healthy,validation
dataset\Apple___Black_rot\image (23).JPG,Apple___Black_rot,256,256,JPEG,RGB,False,black_rot,validation
dataset\Apple___Black_rot\image (339).JPG,Apple___Black_rot,256,256,JPEG,RGB,False,black_rot,train
dataset\Apple___healthy\image (506).JPG,Apple___healthy,256,256,JPEG,RGB,False,healthy,train
dataset\Apple___Apple_scab\image (200).JPG,Apple___Apple_scab,256,256,JPEG,RGB,False,apple_scab,train
dataset\Apple___Black_rot\image (403).JPG,Apple___Black_rot,256,256,JPEG,RGB,False,black_rot,train
dataset\Apple___healthy\image (59).JPG,Apple___healthy,256,256,JPEG,RGB,False,healthy,train
dataset\Apple___healthy\image (1633).JPG,Apple___healthy,256,256,JPEG,RGB,False,healthy,train
dataset\Apple___healthy\image (712).JPG,Apple___healthy,256,256,JPEG,RGB,False,healthy,validation
dataset\Apple___healthy\image (172).JPG,Apple___healthy,256,256,JPEG,RGB,False,healthy,train
dataset\Apple___healthy\image (516).JPG,Apple___healthy,256,256,JPEG,RGB,False,healthy,train
dataset\Apple___Cedar_apple_rust\image (16).JPG,Apple___Cedar_apple_rust,256,256,JPEG,RGB,False,cedar_rust,train
dataset\Apple___healthy\image (670).JPG,Apple___healthy,256,256,JPEG,RGB,False,healthy,train
dataset\Apple___Black_rot\image (620).JPG,Apple___Black_rot,256,256,JPEG,RGB,False,black_rot,train
dataset\Apple___healthy\image (695).JPG,Apple___healthy,256,256,JPEG,RGB,False,healthy,test
dataset\Apple___healthy\image (311).JPG,Apple___healthy,256,256,JPEG,RGB,False,healthy,train
dataset\Apple___Cedar_apple_rust\image (59).JPG,Apple___Cedar_apple_rust,256,256,JPEG,RGB,False,cedar_rust,train
dataset\Apple___healthy\image (1149).JPG,Apple___healthy,256,256,JPEG,RGB,False,healthy,train
dataset\Apple___healthy\image (1168).JPG,Apple___healthy,256,256,JPEG,RGB,False,healthy,train
dataset\Apple___Black_rot\image (430).JPG,Apple___Black_rot,256,256,JPEG,RGB,False,black_rot,validation
dataset\Apple___Apple_scab\image (293).JPG,Apple___Apple_scab,256,256,JPEG,RGB,False,apple_scab,train
dataset\Apple___Black_rot\image (84).JPG,Apple___Black_rot,256,256,JPEG,RGB,False,black_rot,train
dataset\Apple___healthy\image (1128).JPG,Apple___healthy,256,256,JPEG,RGB,False,healthy,train
dataset\Apple___Black_rot\image (583).JPG,Apple___Black_rot,256,256,JPEG,RGB,False,black_rot,test
dataset\Apple___Apple_scab\image (145).JPG,Apple___Apple_scab,256,256,JPEG,RGB,False,apple_scab,test
dataset\Apple___Apple_scab\image (296).JPG,Apple___Apple_scab,256,256,JPEG,RGB,False,apple_scab,train
dataset\Apple___healthy\image (797).JPG,Apple___healthy,256,256,JPEG,RGB,False,healthy,validation
dataset\Apple___Apple_scab\image (105).JPG,Apple___Apple_scab,256,256,JPEG,RGB,False,apple_scab,train
dataset\Apple___healthy\image (176).JPG,Apple___healthy,256,256,JPEG,RGB,False,healthy,test
dataset\Apple___healthy\image (1297).JPG,Apple___healthy,256,256,JPEG,RGB,False,healthy,train
dataset\Apple___Apple_scab\image (569).JPG,Apple___Apple_scab,256,256,JPEG,RGB,False,apple_scab,train
dataset\Apple___Apple_scab\image (315).JPG,Apple___Apple_scab,256,256,JPEG,RGB,False,apple_scab,validation
dataset\Apple___Apple_scab\image (174).JPG,Apple___Apple_scab,256,256,JPEG,RGB,False,apple_scab,train
dataset\Apple___healthy\image (1193).JPG,Apple___healthy,256,256,JPEG,RGB,False,healthy,test
dataset\Apple___healthy\image (1367).JPG,Apple___healthy,256,256,JPEG,RGB,False,healthy,test
dataset\Apple___Black_rot\image (324).JPG,Apple___Black_rot,256,256,JPEG,RGB,False,black_rot,validation
dataset\Apple___healthy\image (193).JPG,Apple___healthy,256,256,JPEG,RGB,False,healthy,validation
dataset\Apple___Cedar_apple_rust\image (130).JPG,Apple___Cedar_apple_rust,256,256,JPEG,RGB,False,cedar_rust,test
dataset\Apple___Apple_scab\image (84).JPG,Apple___Apple_scab,256,256,JPEG,RGB,False,apple_scab,train
dataset\Apple___healthy\image (853).JPG,Apple___healthy,256,256,JPEG,RGB,False,healthy,validation
dataset\Apple___healthy\image (532).JPG,Apple___healthy,256,256,JPEG,RGB,False,healthy,train
dataset\Apple___Cedar_apple_rust\image (222).JPG,Apple___Cedar_apple_rust,256,256,JPEG,RGB,False,cedar_rust,test
dataset\Apple___healthy\image (582).JPG,Apple___healthy,256,256,JPEG,RGB,False,healthy,train
dataset\Apple___Black_rot\image (91).JPG,Apple___Black_rot,256,256,JPEG,RGB,False,black_rot,train
dataset\Apple___healthy\image (1504).JPG,Apple___healthy,256,256,JPEG,RGB,False,healthy,train
dataset\Apple___Cedar_apple_rust\image (220).JPG,Apple___Cedar_apple_rust,256,256,JPEG,RGB,False,cedar_rust,train
dataset\Apple___Apple_scab\image (482).JPG,Apple___Apple_scab,256,256,JPEG,RGB,False,apple_scab,train
dataset\Apple___Apple_scab\image (228).JPG,Apple___Apple_scab,256,256,JPEG,RGB,False,apple_scab,train
dataset\Apple___Black_rot\image (37).JPG,Apple___Black_rot,256,256,JPEG,RGB,False,black_rot,train
dataset\Apple___Black_rot\image (135).JPG,Apple___Black_rot,256,256,JPEG,RGB,False,black_rot,validation
dataset\Apple___Cedar_apple_rust\image (199).JPG,Apple___Cedar_apple_rust,256,256,JPEG,RGB,False,cedar_rust,train
dataset\Apple___healthy\image (1531).JPG,Apple___healthy,256,256,JPEG,RGB,False,healthy,test
dataset\Apple___Black_rot\image (20).JPG,Apple___Black_rot,256,256,JPEG,RGB,False,black_rot,train
dataset\Apple___healthy\image (1064).JPG,Apple___healthy,256,256,JPEG,RGB,False,healthy,train
dataset\Apple___Apple_scab\image (477).JPG,Apple___Apple_scab,256,256,JPEG,RGB,False,apple_scab,train
dataset\Apple___healthy\image (610).JPG,Apple___healthy,256,256,JPEG,RGB,False,healthy,train
dataset\Apple___healthy\image (369).JPG,Apple___healthy,256,256,JPEG,RGB,False,healthy,train
dataset\Apple___Apple_scab\image (106).JPG,Apple___Apple_scab,256,256,JPEG,RGB,False,apple_scab,train
dataset\Apple___Black_rot\image (299).JPG,Apple___Black_rot,256,256,JPEG,RGB,False,black_rot,train
dataset\Apple___Cedar_apple_rust\image (26).JPG,Apple___Cedar_apple_rust,256,256,JPEG,RGB,False,cedar_rust,train
dataset\Apple___Apple_scab\image (598).JPG,Apple___Apple_scab,256,256,JPEG,RGB,False,apple_scab,train
dataset\Apple___healthy\image (364).JPG,Apple___healthy,256,256,JPEG,RGB,False,healthy,train
dataset\Apple___Black_rot\image (399).JPG,Apple___Black_rot,256,256,JPEG,RGB,False,black_rot,train
dataset\Apple___healthy\image (970).JPG,Apple___healthy,256,256,JPEG,RGB,False,healthy,train
dataset\Apple___healthy\image (1496).JPG,Apple___healthy,256,256,JPEG,RGB,False,healthy,train
dataset\Apple___Black_rot\image (541).JPG,Apple___Black_rot,256,256,JPEG,RGB,False,black_rot,train
dataset\Apple___healthy\image (1492).JPG,Apple___healthy,256,256,JPEG,RGB,False,healthy,train
dataset\Apple___healthy\image (515).JPG,Apple___healthy,256,256,JPEG,RGB,False,healthy,train
dataset\Apple___healthy\image (1274).JPG,Apple___healthy,256,256,JPEG,RGB,False,healthy,test
dataset\Apple___healthy\image (935).JPG,Apple___healthy,256,256,JPEG,RGB,False,healthy,train
dataset\Apple___healthy\image (1541).JPG,Apple___healthy,256,256,JPEG,RGB,False,healthy,train
dataset\Apple___healthy\image (1396).JPG,Apple___healthy,256,256,JPEG,RGB,False,healthy,train
dataset\Apple___healthy\image (1585).JPG,Apple___healthy,256,256,JPEG,RGB,False,healthy,train
dataset\Apple___Black_rot\image (156).JPG,Apple___Black_rot,256,256,JPEG,RGB,False,black_rot,train
dataset\Apple___healthy\image (726).JPG,Apple___healthy,256,256,JPEG,RGB,False,healthy,test
dataset\Apple___healthy\image (572).JPG,Apple___healthy,256,256,JPEG,RGB,False,healthy,test
dataset\Apple___Cedar_apple_rust\image (120).JPG,Apple___Cedar_apple_rust,256,256,JPEG,RGB,False,cedar_rust,validation
dataset\Apple___Black_rot\image (35).JPG,Apple___Black_rot,256,256,JPEG,RGB,False,black_rot,train
dataset\Apple___healthy\image (1548).JPG,Apple___healthy,256,256,JPEG,RGB,False,healthy,train
dataset\Apple___healthy\image (1166).JPG,Apple___healthy,256,256,JPEG,RGB,False,healthy,train
dataset\Apple___Apple_scab\image (282).JPG,Apple___Apple_scab,256,256,JPEG,RGB,False,apple_scab,train
dataset\Apple___Black_rot\image (293).JPG,Apple___Black_rot,256,256,JPEG,RGB,False,black_rot,train
dataset\Apple___Apple_scab\image (621).JPG,Apple___Apple_scab,256,256,JPEG,RGB,False,apple_scab,test
dataset\Apple___healthy\image (1342).JPG,Apple___healthy,256,256,JPEG,RGB,False,healthy,validation
dataset\Apple___Apple_scab\image (147).JPG,Apple___Apple_scab,256,256,JPEG,RGB,False,apple_scab,train
dataset\Apple___healthy\image (1248).JPG,Apple___healthy,256,256,JPEG,RGB,False,healthy,test
dataset\Apple___Black_rot\image (346).JPG,Apple___Black_rot,256,256,JPEG,RGB,False,black_rot,train
dataset\Apple___Apple_scab\image (609).JPG,Apple___Apple_scab,256,256,JPEG,RGB,False,apple_scab,validation
dataset\Apple___Apple_scab\image (610).JPG,Apple___Apple_scab,256,256,JPEG,RGB,False,apple_scab,train
dataset\Apple___healthy\image (573).JPG,Apple___healthy,256,256,JPEG,RGB,False,healthy,train
dataset\Apple___Apple_scab\image (292).JPG,Apple___Apple_scab,256,256,JPEG,RGB,False,apple_scab,test
dataset\Apple___Cedar_apple_rust\image (183).JPG,Apple___Cedar_apple_rust,256,256,JPEG,RGB,False,cedar_rust,train
dataset\Apple___Black_rot\image (310).JPG,Apple___Black_rot,256,256,JPEG,RGB,False,black_rot,test
dataset\Apple___healthy\image (1004).JPG,Apple___healthy,256,256,JPEG,RGB,False,healthy,train
dataset\Apple___healthy\image (192).JPG,Apple___healthy,256,256,JPEG,RGB,False,healthy,train
dataset\Apple___Black_rot\image (236).JPG,Apple___Black_rot,256,256,JPEG,RGB,False,black_rot,train
dataset\Apple___Apple_scab\image (620).JPG,Apple___Apple_scab,256,256,JPEG,RGB,False,apple_scab,train
dataset\Apple___healthy\image (634).JPG,Apple___healthy,256,256,JPEG,RGB,False,healthy,train
dataset\Apple___Black_rot\image (492).JPG,Apple___Black_rot,256,256,JPEG,RGB,False,black_rot,test
dataset\Apple___healthy\image (1281).JPG,Apple___healthy,256,256,JPEG,RGB,False,healthy,train
dataset\Apple___Black_rot\image (70).JPG,Apple___Black_rot,256,256,JPEG,RGB,False,black_rot,train
dataset\Apple___healthy\image (212).JPG,Apple___healthy,256,256,JPEG,RGB,False,healthy,train
dataset\Apple___healthy\image (931).JPG,Apple___healthy,256,256,JPEG,RGB,False,healthy,train
dataset\Apple___Black_rot\image (149).JPG,Apple___Black_rot,256,256,JPEG,RGB,False,black_rot,train
dataset\Apple___Apple_scab\image (302).JPG,Apple___Apple_scab,256,256,JPEG,RGB,False,apple_scab,train
dataset\Apple___Apple_scab\image (507).JPG,Apple___Apple_scab,256,256,JPEG,RGB,False,apple_scab,train
dataset\Apple___Apple_scab\image (342).JPG,Apple___Apple_scab,256,256,JPEG,RGB,False,apple_scab,validation
dataset\Apple___Apple_scab\image (409).JPG,Apple___Apple_scab,256,256,JPEG,RGB,False,apple_scab,train
dataset\Apple___healthy\image (1612).JPG,Apple___healthy,256,256,JPEG,RGB,False,healthy,train
dataset\Apple___Apple_scab\image (539).JPG,Apple___Apple_scab,256,256,JPEG,RGB,False,apple_scab,train
dataset\Apple___Black_rot\image (563).JPG,Apple___Black_rot,256,256,JPEG,RGB,False,black_rot,validation
dataset\Apple___healthy\image (881).JPG,Apple___healthy,256,256,JPEG,RGB,False,healthy,train
dataset\Apple___Black_rot\image (408).JPG,Apple___Black_rot,256,256,JPEG,RGB,False,black_rot,train
dataset\Apple___healthy\image (1102).JPG,Apple___healthy,256,256,JPEG,RGB,False,healthy,validation
dataset\Apple___healthy\image (315).JPG,Apple___healthy,256,256,JPEG,RGB,False,healthy,validation
dataset\Apple___Black_rot\image (105).JPG,Apple___Black_rot,256,256,JPEG,RGB,False,black_rot,test
dataset\Apple___healthy\image (1159).JPG,Apple___healthy,256,256,JPEG,RGB,False,healthy,train
dataset\Apple___healthy\image (1110).JPG,Apple___healthy,256,256,JPEG,RGB,False,healthy,test
dataset\Apple___Cedar_apple_rust\image (264).JPG,Apple___Cedar_apple_rust,256,256,JPEG,RGB,False,cedar_rust,train
dataset\Apple___Apple_scab\image (161).JPG,Apple___Apple_scab,256,256,JPEG,RGB,False,apple_scab,train
dataset\Apple___healthy\image (849).JPG,Apple___healthy,256,256,JPEG,RGB,False,healthy,train
dataset\Apple___Apple_scab\image (196).JPG,Apple___Apple_scab,256,256,JPEG,RGB,False,apple_scab,test
dataset\Apple___Apple_scab\image (369).JPG,Apple___Apple_scab,256,256,JPEG,RGB,False,apple_scab,train
dataset\Apple___healthy\image (936).JPG,Apple___healthy,256,256,JPEG,RGB,False,healthy,test
dataset\Apple___healthy\image (685).JPG,Apple___healthy,256,256,JPEG,RGB,False,healthy,validation
dataset\Apple___healthy\image (121).JPG,Apple___healthy,256,256,JPEG,RGB,False,healthy,train
dataset\Apple___Cedar_apple_rust\image (205).JPG,Apple___Cedar_apple_rust,256,256,JPEG,RGB,False,cedar_rust,test
dataset\Apple___Black_rot\image (530).JPG,Apple___Black_rot,256,256,JPEG,RGB,False,black_rot,train
dataset\Apple___Black_rot\image (294).JPG,Apple___Black_rot,256,256,JPEG,RGB,False,black_rot,validation
dataset\Apple___healthy\image (150).JPG,Apple___healthy,256,256,JPEG,RGB,False,healthy,test
dataset\Apple___Black_rot\image (255).JPG,Apple___Black_rot,256,256,JPEG,RGB,False,black_rot,train
dataset\Apple___Black_rot\image (173).JPG,Apple___Black_rot,256,256,JPEG,RGB,False,black_rot,validation
dataset\Apple___Black_rot\image (194).JPG,Apple___Black_rot,256,256,JPEG,RGB,False,black_rot,validation
dataset\Apple___Cedar_apple_rust\image (14).JPG,Apple___Cedar_apple_rust,256,256,JPEG,RGB,False,cedar_rust,test
dataset\Apple___healthy\image (1341).JPG,Apple___healthy,256,256,JPEG,RGB,False,healthy,train
dataset\Apple___Black_rot\image (485).JPG,Apple___Black_rot,256,256,JPEG,RGB,False,black_rot,train
dataset\Apple___Apple_scab\image (295).JPG,Apple___Apple_scab,256,256,JPEG,RGB,False,apple_scab,test
dataset\Apple___healthy\image (414).JPG,Apple___healthy,256,256,JPEG,RGB,False,healthy,test
dataset\Apple___healthy\image (1402).JPG,Apple___healthy,256,256,JPEG,RGB,False,healthy,train
dataset\Apple___healthy\image (1169).JPG,Apple___healthy,256,256,JPEG,RGB,False,healthy,train
dataset\Apple___Black_rot\image (512).JPG,Apple___Black_rot,256,256,JPEG,RGB,False,black_rot,train
dataset\Apple___healthy\image (26).JPG,Apple___healthy,256,256,JPEG,RGB,False,healthy,train
dataset\Apple___healthy\image (736).JPG,Apple___healthy,256,256,JPEG,RGB,False,healthy,train
dataset\Apple___Cedar_apple_rust\image (134).JPG,Apple___Cedar_apple_rust,256,256,JPEG,RGB,False,cedar_rust,validation
dataset\Apple___healthy\image (568).JPG,Apple___healthy,256,256,JPEG,RGB,False,healthy,train
dataset\Apple___Cedar_apple_rust\image (25).JPG,Apple___Cedar_apple_rust,256,256,JPEG,RGB,False,cedar_rust,validation
dataset\Apple___Cedar_apple_rust\image (160).JPG,Apple___Cedar_apple_rust,256,256,JPEG,RGB,False,cedar_rust,train
dataset\Apple___Apple_scab\image (561).JPG,Apple___Apple_scab,256,256,JPEG,RGB,False,apple_scab,train
dataset\Apple___healthy\image (179).JPG,Apple___healthy,256,256,JPEG,RGB,False,healthy,validation
dataset\Apple___Apple_scab\image (133).JPG,Apple___Apple_scab,256,256,JPEG,RGB,False,apple_scab,train
dataset\Apple___Black_rot\image (226).JPG,Apple___Black_rot,256,256,JPEG,RGB,False,black_rot,train
dataset\Apple___Apple_scab\image (309).JPG,Apple___Apple_scab,256,256,JPEG,RGB,False,apple_scab,validation
dataset\Apple___healthy\image (542).JPG,Apple___healthy,256,256,JPEG,RGB,False,healthy,train
dataset\Apple___healthy\image (933).JPG,Apple___healthy,256,256,JPEG,RGB,False,healthy,validation
dataset\Apple___healthy\image (463).JPG,Apple___healthy,256,256,JPEG,RGB,False,healthy,train
dataset\Apple___Black_rot\image (79).JPG,Apple___Black_rot,256,256,JPEG,RGB,False,black_rot,train
dataset\Apple___healthy\image (765).JPG,Apple___healthy,256,256,JPEG,RGB,False,healthy,train
dataset\Apple___healthy\image (782).JPG,Apple___healthy,256,256,JPEG,RGB,False,healthy,train
dataset\Apple___healthy\image (106).JPG,Apple___healthy,256,256,JPEG,RGB,False,healthy,train
dataset\Apple___healthy\image (300).JPG,Apple___healthy,256,256,JPEG,RGB,False,healthy,train
dataset\Apple___Apple_scab\image (297).JPG,Apple___Apple_scab,256,256,JPEG,RGB,False,apple_scab,train
dataset\Apple___healthy\image (257).JPG,Apple___healthy,256,256,JPEG,RGB,False,healthy,train
dataset\Apple___Black_rot\image (500).JPG,Apple___Black_rot,256,256,JPEG,RGB,False,black_rot,validation
dataset\Apple___Apple_scab\image (531).JPG,Apple___Apple_scab,256,256,JPEG,RGB,False,apple_scab,train
dataset\Apple___healthy\image (984).JPG,Apple___healthy,256,256,JPEG,RGB,False,healthy,train
dataset\Apple___Black_rot\image (228).JPG,Apple___Black_rot,256,256,JPEG,RGB,False,black_rot,train
dataset\Apple___Cedar_apple_rust\image (215).JPG,Apple___Cedar_apple_rust,256,256,JPEG,RGB,False,cedar_rust,validation
dataset\Apple___Apple_scab\image (622).JPG,Apple___Apple_scab,256,256,JPEG,RGB,False,apple_scab,train
dataset\Apple___healthy\image (343).JPG,Apple___healthy,256,256,JPEG,RGB,False,healthy,train
dataset\Apple___Black_rot\image (243).JPG,Apple___Black_rot,256,256,JPEG,RGB,False,black_rot,train
dataset\Apple___Apple_scab\image (511).JPG,Apple___Apple_scab,256,256,JPEG,RGB,False,apple_scab,test
dataset\Apple___Black_rot\image (407).JPG,Apple___Black_rot,256,256,JPEG,RGB,False,black_rot,train
dataset\Apple___healthy\image (1289).JPG,Apple___healthy,256,256,JPEG,RGB,False,healthy,train
dataset\Apple___healthy\image (1199).JPG,Apple___healthy,256,256,JPEG,RGB,False,healthy,validation
dataset\Apple___healthy\image (591).JPG,Apple___healthy,256,256,JPEG,RGB,False,healthy,test
dataset\Apple___healthy\image (696).JPG,Apple___healthy,256,256,JPEG,RGB,False,healthy,train
dataset\Apple___healthy\image (1081).JPG,Apple___healthy,256,256,JPEG,RGB,False,healthy,validation
dataset\Apple___Cedar_apple_rust\image (169).JPG,Apple___Cedar_apple_rust,256,256,JPEG,RGB,False,cedar_rust,train
dataset\Apple___Apple_scab\image (284).JPG,Apple___Apple_scab,256,256,JPEG,RGB,False,apple_scab,validation
dataset\Apple___Apple_scab\image (266).JPG,Apple___Apple_scab,256,256,JPEG,RGB,False,apple_scab,train
dataset\Apple___healthy\image (1639).JPG,Apple___healthy,256,256,JPEG,RGB,False,healthy,train
dataset\Apple___Apple_scab\image (310).JPG,Apple___Apple_scab,256,256,JPEG,RGB,False,apple_scab,train
dataset\Apple___Black_rot\image (159).JPG,Apple___Black_rot,256,256,JPEG,RGB,False,black_rot,train
dataset\Apple___healthy\image (460).JPG,Apple___healthy,256,256,JPEG,RGB,False,healthy,train
dataset\Apple___Apple_scab\image (461).JPG,Apple___Apple_scab,256,256,JPEG,RGB,False,apple_scab,train
dataset\Apple___healthy\image (1058).JPG,Apple___healthy,256,256,JPEG,RGB,False,healthy,train
dataset\Apple___Black_rot\image (307).JPG,Apple___Black_rot,256,256,JPEG,RGB,False,black_rot,train
dataset\Apple___Black_rot\image (508).JPG,Apple___Black_rot,256,256,JPEG,RGB,False,black_rot,train
dataset\Apple___healthy\image (642).JPG,Apple___healthy,256,256,JPEG,RGB,False,healthy,validation
dataset\Apple___Black_rot\image (546).JPG,Apple___Black_rot,256,256,JPEG,RGB,False,black_rot,train
dataset\Apple___Black_rot\image (446).JPG,Apple___Black_rot,256,256,JPEG,RGB,False,black_rot,train
dataset\Apple___healthy\image (232).JPG,Apple___healthy,256,256,JPEG,RGB,False,healthy,validation
dataset\Apple___healthy\image (474).JPG,Apple___healthy,256,256,JPEG,RGB,False,healthy,train
dataset\Apple___Cedar_apple_rust\image (106).JPG,Apple___Cedar_apple_rust,256,256,JPEG,RGB,False,cedar_rust,test
dataset\Apple___healthy\image (571).JPG,Apple___healthy,256,256,JPEG,RGB,False,healthy,train
dataset\Apple___Black_rot\image (206).JPG,Apple___Black_rot,256,256,JPEG,RGB,False,black_rot,train
dataset\Apple___healthy\image (1515).JPG,Apple___healthy,256,256,JPEG,RGB,False,healthy,train
dataset\Apple___healthy\image (329).JPG,Apple___healthy,256,256,JPEG,RGB,False,healthy,test
dataset\Apple___Black_rot\image (389).JPG,Apple___Black_rot,256,256,JPEG,RGB,False,black_rot,train
dataset\Apple___healthy\image (1194).JPG,Apple___healthy,256,256,JPEG,RGB,False,healthy,train
dataset\Apple___healthy\image (753).JPG,Apple___healthy,256,256,JPEG,RGB,False,healthy,train
dataset\Apple___healthy\image (1084).JPG,Apple___healthy,256,256,JPEG,RGB,False,healthy,train
dataset\Apple___Apple_scab\image (452).JPG,Apple___Apple_scab,256,256,JPEG,RGB,False,apple_scab,test
dataset\Apple___healthy\image (69).JPG,Apple___healthy,256,256,JPEG,RGB,False,healthy,train
dataset\Apple___healthy\image (360).JPG,Apple___healthy,256,256,JPEG,RGB,False,healthy,validation
dataset\Apple___Apple_scab\image (277).JPG,Apple___Apple_scab,256,256,JPEG,RGB,False,apple_scab,test
dataset\Apple___healthy\image (1096).JPG,Apple___healthy,256,256,JPEG,RGB,False,healthy,train
dataset\Apple___healthy\image (1406).JPG,Apple___healthy,256,256,JPEG,RGB,False,healthy,test
dataset\Apple___healthy\image (1597).JPG,Apple___healthy,256,256,JPEG,RGB,False,healthy,train
dataset\Apple___healthy\image (1393).JPG,Apple___healthy,256,256,JPEG,RGB,False,healthy,train
dataset\Apple___Black_rot\image (65).JPG,Apple___Black_rot,256,256,JPEG,RGB,False,black_rot,train
dataset\Apple___Apple_scab\image (40).JPG,Apple___Apple_scab,256,256,JPEG,RGB,False,apple_scab,train
dataset\Apple___healthy\image (1165).JPG,Apple___healthy,256,256,JPEG,RGB,False,healthy,test
dataset\Apple___healthy\image (946).JPG,Apple___healthy,256,256,JPEG,RGB,False,healthy,train
dataset\Apple___healthy\image (550).JPG,Apple___healthy,256,256,JPEG,RGB,False,healthy,validation
dataset\Apple___healthy\image (446).JPG,Apple___healthy,256,256,JPEG,RGB,False,healthy,train
dataset\Apple___healthy\image (1595).JPG,Apple___healthy,256,256,JPEG,RGB,False,healthy,test
dataset\Apple___Cedar_apple_rust\image (145).JPG,Apple___Cedar_apple_rust,256,256,JPEG,RGB,False,cedar_rust,train
dataset\Apple___healthy\image (1554).JPG,Apple___healthy,256,256,JPEG,RGB,False,healthy,train
dataset\Apple___healthy\image (1086).JPG,Apple___healthy,256,256,JPEG,RGB,False,healthy,train
dataset\Apple___Black_rot\image (27).JPG,Apple___Black_rot,256,256,JPEG,RGB,False,black_rot,train
dataset\Apple___Cedar_apple_rust\image (121).JPG,Apple___Cedar_apple_rust,256,256,JPEG,RGB,False,cedar_rust,train
dataset\Apple___healthy\image (1368).JPG,Apple___healthy,256,256,JPEG,RGB,False,healthy,train
dataset\Apple___healthy\image (789).JPG,Apple___healthy,256,256,JPEG,RGB,False,healthy,validation
dataset\Apple___Apple_scab\image (157).JPG,Apple___Apple_scab,256,256,JPEG,RGB,False,apple_scab,validation
dataset\Apple___healthy\image (882).JPG,Apple___healthy,256,256,JPEG,RGB,False,healthy,train
dataset\Apple___healthy\image (703).JPG,Apple___healthy,256,256,JPEG,RGB,False,healthy,train
dataset\Apple___healthy\image (563).JPG,Apple___healthy,256,256,JPEG,RGB,False,healthy,train
dataset\Apple___Cedar_apple_rust\image (237).JPG,Apple___Cedar_apple_rust,256,256,JPEG,RGB,False,cedar_rust,test
dataset\Apple___healthy\image (1146).JPG,Apple___healthy,256,256,JPEG,RGB,False,healthy,test
dataset\Apple___healthy\image (102).JPG,Apple___healthy,256,256,JPEG,RGB,False,healthy,train
dataset\Apple___Black_rot\image (582).JPG,Apple___Black_rot,256,256,JPEG,RGB,False,black_rot,train
dataset\Apple___Cedar_apple_rust\image (1).JPG,Apple___Cedar_apple_rust,256,256,JPEG,RGB,False,cedar_rust,train
dataset\Apple___Black_rot\image (199).JPG,Apple___Black_rot,256,256,JPEG,RGB,False,black_rot,validation
dataset\Apple___healthy\image (252).JPG,Apple___healthy,256,256,JPEG,RGB,False,healthy,validation
dataset\Apple___healthy\image (136).JPG,Apple___healthy,256,256,JPEG,RGB,False,healthy,train
dataset\Apple___Black_rot\image (416).JPG,Apple___Black_rot,256,256,JPEG,RGB,False,black_rot,train
dataset\Apple___Black_rot\image (290).JPG,Apple___Black_rot,256,256,JPEG,RGB,False,black_rot,test
dataset\Apple___healthy\image (129).JPG,Apple___healthy,256,256,JPEG,RGB,False,healthy,train
dataset\Apple___Apple_scab\image (513).JPG,Apple___Apple_scab,256,256,JPEG,RGB,False,apple_scab,validation
dataset\Apple___Black_rot\image (218).JPG,Apple___Black_rot,256,256,JPEG,RGB,False,black_rot,validation
dataset\Apple___Apple_scab\image (279).JPG,Apple___Apple_scab,256,256,JPEG,RGB,False,apple_scab,train
dataset\Apple___healthy\image (603).JPG,Apple___healthy,256,256,JPEG,RGB,False,healthy,train
dataset\Apple___healthy\image (694).JPG,Apple___healthy,256,256,JPEG,RGB,False,healthy,train
dataset\Apple___Black_rot\image (68).JPG,Apple___Black_rot,256,256,JPEG,RGB,False,black_rot,validation
dataset\Apple___Apple_scab\image (29).JPG,Apple___Apple_scab,256,256,JPEG,RGB,False,apple_scab,train
dataset\Apple___healthy\image (972).JPG,Apple___healthy,256,256,JPEG,RGB,False,healthy,validation
dataset\Apple___healthy\image (1271).JPG,Apple___healthy,256,256,JPEG,RGB,False,healthy,train
dataset\Apple___healthy\image (1333).JPG,Apple___healthy,256,256,JPEG,RGB,False,healthy,train
dataset\Apple___Black_rot\image (9).JPG,Apple___Black_rot,256,256,JPEG,RGB,False,black_rot,train
dataset\Apple___healthy\image (878).JPG,Apple___healthy,256,256,JPEG,RGB,False,healthy,validation
dataset\Apple___healthy\image (868).JPG,Apple___healthy,256,256,JPEG,RGB,False,healthy,train
dataset\Apple___Cedar_apple_rust\image (163).JPG,Apple___Cedar_apple_rust,256,256,JPEG,RGB,False,cedar_rust,train
dataset\Apple___healthy\image (31).JPG,Apple___healthy,256,256,JPEG,RGB,False,healthy,train
dataset\Apple___healthy\image (1332).JPG,Apple___healthy,256,256,JPEG,RGB,False,healthy,train
dataset\Apple___Apple_scab\image (462).JPG,Apple___Apple_scab,256,256,JPEG,RGB,False,apple_scab,train
dataset\Apple___healthy\image (224).JPG,Apple___healthy,256,256,JPEG,RGB,False,healthy,train
dataset\Apple___healthy\image (943).JPG,Apple___healthy,256,256,JPEG,RGB,False,healthy,train
dataset\Apple___healthy\image (1366).JPG,Apple___healthy,256,256,JPEG,RGB,False,healthy,train
dataset\Apple___Apple_scab\image (65).JPG,Apple___Apple_scab,256,256,JPEG,RGB,False,apple_scab,train
dataset\Apple___Apple_scab\image (298).JPG,Apple___Apple_scab,256,256,JPEG,RGB,False,apple_scab,train
dataset\Apple___Black_rot\image (276).JPG,Apple___Black_rot,256,256,JPEG,RGB,False,black_rot,train
dataset\Apple___healthy\image (1473).JPG,Apple___healthy,256,256,JPEG,RGB,False,healthy,validation
dataset\Apple___Apple_scab\image (478).JPG,Apple___Apple_scab,256,256,JPEG,RGB,False,apple_scab,train
dataset\Apple___Black_rot\image (141).JPG,Apple___Black_rot,256,256,JPEG,RGB,False,black_rot,train
dataset\Apple___Cedar_apple_rust\image (29).JPG,Apple___Cedar_apple_rust,256,256,JPEG,RGB,False,cedar_rust,train
dataset\Apple___Apple_scab\image (8).JPG,Apple___Apple_scab,256,256,JPEG,RGB,False,apple_scab,train
dataset\Apple___healthy\image (1427).JPG,Apple___healthy,256,256,JPEG,RGB,False,healthy,train
dataset\Apple___Black_rot\image (101).JPG,Apple___Black_rot,256,256,JPEG,RGB,False,black_rot,train
dataset\Apple___healthy\image (1140).JPG,Apple___healthy,256,256,JPEG,RGB,False,healthy,validation
dataset\Apple___healthy\image (1301).JPG,Apple___healthy,256,256,JPEG,RGB,False,healthy,test
dataset\Apple___healthy\image (499).JPG,Apple___healthy,256,256,JPEG,RGB,False,healthy,train
dataset\Apple___healthy\image (1133).JPG,Apple___healthy,256,256,JPEG,RGB,False,healthy,validation
dataset\Apple___Black_rot\image (308).JPG,Apple___Black_rot,256,256,JPEG,RGB,False,black_rot,test
dataset\Apple___healthy\image (1021).JPG,Apple___healthy,256,256,JPEG,RGB,False,healthy,train
dataset\Apple___Cedar_apple_rust\image (32).JPG,Apple___Cedar_apple_rust,256,256,JPEG,RGB,False,cedar_rust,test
dataset\Apple___healthy\image (293).JPG,Apple___healthy,256,256,JPEG,RGB,False,healthy,train
dataset\Apple___healthy\image (1502).JPG,Apple___healthy,256,256,JPEG,RGB,False,healthy,train
dataset\Apple___healthy\image (1552).JPG,Apple___healthy,256,256,JPEG,RGB,False,healthy,train
dataset\Apple___healthy\image (416).JPG,Apple___healthy,256,256,JPEG,RGB,False,healthy,train
dataset\Apple___Black_rot\image (115).JPG,Apple___Black_rot,256,256,JPEG,RGB,False,black_rot,train
dataset\Apple___Black_rot\image (469).JPG,Apple___Black_rot,256,256,JPEG,RGB,False,black_rot,train
dataset\Apple___healthy\image (1426).JPG,Apple___healthy,256,256,JPEG,RGB,False,healthy,train
dataset\Apple___Black_rot\image (358).JPG,Apple___Black_rot,256,256,JPEG,RGB,False,black_rot,train
dataset\Apple___Black_rot\image (158).JPG,Apple___Black_rot,256,256,JPEG,RGB,False,black_rot,train
dataset\Apple___healthy\image (636).JPG,Apple___healthy,256,256,JPEG,RGB,False,healthy,train
dataset\Apple___healthy\image (1356).JPG,Apple___healthy,256,256,JPEG,RGB,False,healthy,train
dataset\Apple___healthy\image (269).JPG,Apple___healthy,256,256,JPEG,RGB,False,healthy,train
dataset\Apple___healthy\image (1067).JPG,Apple___healthy,256,256,JPEG,RGB,False,healthy,train
dataset\Apple___Black_rot\image (421).JPG,Apple___Black_rot,256,256,JPEG,RGB,False,black_rot,train
dataset\Apple___healthy\image (1556).JPG,Apple___healthy,256,256,JPEG,RGB,False,healthy,train
dataset\Apple___Black_rot\image (488).JPG,Apple___Black_rot,256,256,JPEG,RGB,False,black_rot,train
dataset\Apple___Cedar_apple_rust\image (185).JPG,Apple___Cedar_apple_rust,256,256,JPEG,RGB,False,cedar_rust,train
dataset\Apple___healthy\image (536).JPG,Apple___healthy,256,256,JPEG,RGB,False,healthy,train
dataset\Apple___Cedar_apple_rust\image (95).JPG,Apple___Cedar_apple_rust,256,256,JPEG,RGB,False,cedar_rust,train
dataset\Apple___healthy\image (100).JPG,Apple___healthy,256,256,JPEG,RGB,False,healthy,validation
dataset\Apple___healthy\image (219).JPG,Apple___healthy,256,256,JPEG,RGB,False,healthy,train
dataset\Apple___healthy\image (317).JPG,Apple___healthy,256,256,JPEG,RGB,False,healthy,validation
dataset\Apple___Black_rot\image (447).JPG,Apple___Black_rot,256,256,JPEG,RGB,False,black_rot,train
dataset\Apple___Black_rot\image (332).JPG,Apple___Black_rot,256,256,JPEG,RGB,False,black_rot,train
dataset\Apple___Apple_scab\image (253).JPG,Apple___Apple_scab,256,256,JPEG,RGB,False,apple_scab,test
dataset\Apple___healthy\image (120).JPG,Apple___healthy,256,256,JPEG,RGB,False,healthy,validation
dataset\Apple___healthy\image (1232).JPG,Apple___healthy,256,256,JPEG,RGB,False,healthy,validation
dataset\Apple___healthy\image (606).JPG,Apple___healthy,256,256,JPEG,RGB,False,healthy,train
dataset\Apple___healthy\image (452).JPG,Apple___healthy,256,256,JPEG,RGB,False,healthy,validation
dataset\Apple___healthy\image (451).JPG,Apple___healthy,256,256,JPEG,RGB,False,healthy,train
dataset\Apple___Apple_scab\image (78).JPG,Apple___Apple_scab,256,256,JPEG,RGB,False,apple_scab,train
dataset\Apple___Apple_scab\image (203).JPG,Apple___Apple_scab,256,256,JPEG,RGB,False,apple_scab,train
dataset\Apple___healthy\image (1217).JPG,Apple___healthy,256,256,JPEG,RGB,False,healthy,train
dataset\Apple___healthy\image (934).JPG,Apple___healthy,256,256,JPEG,RGB,False,healthy,train
dataset\Apple___healthy\image (651).JPG,Apple___healthy,256,256,JPEG,RGB,False,healthy,validation
dataset\Apple___healthy\image (602).JPG,Apple___healthy,256,256,JPEG,RGB,False,healthy,train
dataset\Apple___Apple_scab\image (352).JPG,Apple___Apple_scab,256,256,JPEG,RGB,False,apple_scab,train
dataset\Apple___Apple_scab\image (375).JPG,Apple___Apple_scab,256,256,JPEG,RGB,False,apple_scab,validation
dataset\Apple___Cedar_apple_rust\image (23).JPG,Apple___Cedar_apple_rust,256,256,JPEG,RGB,False,cedar_rust,validation
dataset\Apple___healthy\image (808).JPG,Apple___healthy,256,256,JPEG,RGB,False,healthy,train
dataset\Apple___Apple_scab\image (551).JPG,Apple___Apple_scab,256,256,JPEG,RGB,False,apple_scab,validation
dataset\Apple___Black_rot\image (579).JPG,Apple___Black_rot,256,256,JPEG,RGB,False,black_rot,train
dataset\Apple___Cedar_apple_rust\image (157).JPG,Apple___Cedar_apple_rust,256,256,JPEG,RGB,False,cedar_rust,train
dataset\Apple___healthy\image (362).JPG,Apple___healthy,256,256,JPEG,RGB,False,healthy,test
dataset\Apple___healthy\image (604).JPG,Apple___healthy,256,256,JPEG,RGB,False,healthy,train
dataset\Apple___healthy\image (781).JPG,Apple___healthy,256,256,JPEG,RGB,False,healthy,train
dataset\Apple___Black_rot\image (349).JPG,Apple___Black_rot,256,256,JPEG,RGB,False,black_rot,train
dataset\Apple___healthy\image (39).JPG,Apple___healthy,256,256,JPEG,RGB,False,healthy,train
dataset\Apple___healthy\image (546).JPG,Apple___healthy,256,256,JPEG,RGB,False,healthy,train
dataset\Apple___healthy\image (419).JPG,Apple___healthy,256,256,JPEG,RGB,False,healthy,train
dataset\Apple___healthy\image (306).JPG,Apple___healthy,256,256,JPEG,RGB,False,healthy,test
dataset\Apple___healthy\image (410).JPG,Apple___healthy,256,256,JPEG,RGB,False,healthy,train
dataset\Apple___healthy\image (366).JPG,Apple___healthy,256,256,JPEG,RGB,False,healthy,validation
dataset\Apple___Cedar_apple_rust\image (113).JPG,Apple___Cedar_apple_rust,256,256,JPEG,RGB,False,cedar_rust,validation
dataset\Apple___healthy\image (238).JPG,Apple___healthy,256,256,JPEG,RGB,False,healthy,train
dataset\Apple___healthy\image (671).JPG,Apple___healthy,256,256,JPEG,RGB,False,healthy,train
dataset\Apple___Apple_scab\image (312).JPG,Apple___Apple_scab,256,256,JPEG,RGB,False,apple_scab,train
dataset\Apple___healthy\image (1511).JPG,Apple___healthy,256,256,JPEG,RGB,False,healthy,test
dataset\Apple___healthy\image (398).JPG,Apple___healthy,256,256,JPEG,RGB,False,healthy,validation
dataset\Apple___Black_rot\image (75).JPG,Apple___Black_rot,256,256,JPEG,RGB,False,black_rot,validation
dataset\Apple___Cedar_apple_rust\image (149).JPG,Apple___Cedar_apple_rust,256,256,JPEG,RGB,False,cedar_rust,train
dataset\Apple___Cedar_apple_rust\image (24).JPG,Apple___Cedar_apple_rust,256,256,JPEG,RGB,False,cedar_rust,train
dataset\Apple___Apple_scab\image (487).JPG,Apple___Apple_scab,256,256,JPEG,RGB,False,apple_scab,train
dataset\Apple___Black_rot\image (72).JPG,Apple___Black_rot,256,256,JPEG,RGB,False,black_rot,train
dataset\Apple___Black_rot\image (452).JPG,Apple___Black_rot,256,256,JPEG,RGB,False,black_rot,train
dataset\Apple___healthy\image (1435).JPG,Apple___healthy,256,256,JPEG,RGB,False,healthy,train
dataset\Apple___healthy\image (601).JPG,Apple___healthy,256,256,JPEG,RGB,False,healthy,train
dataset\Apple___healthy\image (1517).JPG,Apple___healthy,256,256,JPEG,RGB,False,healthy,validation
dataset\Apple___healthy\image (259).JPG,Apple___healthy,256,256,JPEG,RGB,False,healthy,train
dataset\Apple___Apple_scab\image (17).JPG,Apple___Apple_scab,256,256,JPEG,RGB,False,apple_scab,train
dataset\Apple___Black_rot\image (83).JPG,Apple___Black_rot,256,256,JPEG,RGB,False,black_rot,train
dataset\Apple___healthy\image (991).JPG,Apple___healthy,256,256,JPEG,RGB,False,healthy,train
dataset\Apple___healthy\image (1027).JPG,Apple___healthy,256,256,JPEG,RGB,False,healthy,train
dataset\Apple___healthy\image (524).JPG,Apple___healthy,256,256,JPEG,RGB,False,healthy,train
dataset\Apple___Black_rot\image (499).JPG,Apple___Black_rot,256,256,JPEG,RGB,False,black_rot,train
dataset\Apple___Black_rot\image (534).JPG,Apple___Black_rot,256,256,JPEG,RGB,False,black_rot,train
dataset\Apple___Cedar_apple_rust\image (154).JPG,Apple___Cedar_apple_rust,256,256,JPEG,RGB,False,cedar_rust,train
dataset\Apple___Apple_scab\image (553).JPG,Apple___Apple_scab,256,256,JPEG,RGB,False,apple_scab,test
dataset\Apple___healthy\image (987).JPG,Apple___healthy,256,256,JPEG,RGB,False,healthy,train
dataset\Apple___Apple_scab\image (151).JPG,Apple___Apple_scab,256,256,JPEG,RGB,False,apple_scab,test
dataset\Apple___Black_rot\image (116).JPG,Apple___Black_rot,256,256,JPEG,RGB,False,black_rot,train
dataset\Apple___healthy\image (339).JPG,Apple___healthy,256,256,JPEG,RGB,False,healthy,train
dataset\Apple___healthy\image (705).JPG,Apple___healthy,256,256,JPEG,RGB,False,healthy,train
dataset\Apple___Black_rot\image (433).JPG,Apple___Black_rot,256,256,JPEG,RGB,False,black_rot,train
dataset\Apple___Black_rot\image (300).JPG,Apple___Black_rot,256,256,JPEG,RGB,False,black_rot,train
dataset\Apple___Black_rot\image (598).JPG,Apple___Black_rot,256,256,JPEG,RGB,False,black_rot,train
dataset\Apple___Apple_scab\image (81).JPG,Apple___Apple_scab,256,256,JPEG,RGB,False,apple_scab,train
dataset\Apple___healthy\image (402).JPG,Apple___healthy,256,256,JPEG,RGB,False,healthy,train
dataset\Apple___healthy\image (471).JPG,Apple___healthy,256,256,JPEG,RGB,False,healthy,validation
dataset\Apple___Black_rot\image (160).JPG,Apple___Black_rot,256,256,JPEG,RGB,False,black_rot,validation
dataset\Apple___Black_rot\image (423).JPG,Apple___Black_rot,256,256,JPEG,RGB,False,black_rot,train
dataset\Apple___Black_rot\image (107).JPG,Apple___Black_rot,256,256,JPEG,RGB,False,black_rot,test
dataset\Apple___healthy\image (1246).JPG,Apple___healthy,256,256,JPEG,RGB,False,healthy,validation
dataset\Apple___healthy\image (554).JPG,Apple___healthy,256,256,JPEG,RGB,False,healthy,train
dataset\Apple___Cedar_apple_rust\image (40).JPG,Apple___Cedar_apple_rust,256,256,JPEG,RGB,False,cedar_rust,train
dataset\Apple___Apple_scab\image (288).JPG,Apple___Apple_scab,256,256,JPEG,RGB,False,apple_scab,train
dataset\Apple___Black_rot\image (569).JPG,Apple___Black_rot,256,256,JPEG,RGB,False,black_rot,train
dataset\Apple___Cedar_apple_rust\image (243).JPG,Apple___Cedar_apple_rust,256,256,JPEG,RGB,False,cedar_rust,train
dataset\Apple___Apple_scab\image (267).JPG,Apple___Apple_scab,256,256,JPEG,RGB,False,apple_scab,validation
dataset\Apple___healthy\image (1458).JPG,Apple___healthy,256,256,JPEG,RGB,False,healthy,train
dataset\Apple___Black_rot\image (334).JPG,Apple___Black_rot,256,256,JPEG,RGB,False,black_rot,test
dataset\Apple___healthy\image (1155).JPG,Apple___healthy,256,256,JPEG,RGB,False,healthy,train
dataset\Apple___healthy\image (486).JPG,Apple___healthy,256,256,JPEG,RGB,False,healthy,train
dataset\Apple___healthy\image (1359).JPG,Apple___healthy,256,256,JPEG,RGB,False,healthy,validation
dataset\Apple___healthy\image (391).JPG,Apple___healthy,256,256,JPEG,RGB,False,healthy,train
dataset\Apple___Black_rot\image (320).JPG,Apple___Black_rot,256,256,JPEG,RGB,False,black_rot,test
dataset\Apple___Black_rot\image (555).JPG,Apple___Black_rot,256,256,JPEG,RGB,False,black_rot,train
dataset\Apple___Apple_scab\image (218).JPG,Apple___Apple_scab,256,256,JPEG,RGB,False,apple_scab,train
dataset\Apple___healthy\image (132).JPG,Apple___healthy,256,256,JPEG,RGB,False,healthy,train
dataset\Apple___Apple_scab\image (388).JPG,Apple___Apple_scab,256,256,JPEG,RGB,False,apple_scab,train
dataset\Apple___healthy\image (341).JPG,Apple___healthy,256,256,JPEG,RGB,False,healthy,train
dataset\Apple___Black_rot\image (127).JPG,Apple___Black_rot,256,256,JPEG,RGB,False,black_rot,train
dataset\Apple___healthy\image (564).JPG,Apple___healthy,256,256,JPEG,RGB,False,healthy,train
dataset\Apple___healthy\image (1642).JPG,Apple___healthy,256,256,JPEG,RGB,False,healthy,train
dataset\Apple___healthy\image (67).JPG,Apple___healthy,256,256,JPEG,RGB,False,healthy,train
dataset\Apple___healthy\image (923).JPG,Apple___healthy,256,256,JPEG,RGB,False,healthy,train
dataset\Apple___Cedar_apple_rust\image (166).JPG,Apple___Cedar_apple_rust,256,256,JPEG,RGB,False,cedar_rust,validation
dataset\Apple___Black_rot\image (470).JPG,Apple___Black_rot,256,256,JPEG,RGB,False,black_rot,train
dataset\Apple___Apple_scab\image (505).JPG,Apple___Apple_scab,256,256,JPEG,RGB,False,apple_scab,train
dataset\Apple___healthy\image (191).JPG,Apple___healthy,256,256,JPEG,RGB,False,healthy,test
dataset\Apple___Cedar_apple_rust\image (73).JPG,Apple___Cedar_apple_rust,256,256,JPEG,RGB,False,cedar_rust,train
dataset\Apple___healthy\image (750).JPG,Apple___healthy,256,256,JPEG,RGB,False,healthy,train
dataset\Apple___Black_rot\image (52).JPG,Apple___Black_rot,256,256,JPEG,RGB,False,black_rot,train
dataset\Apple___healthy\image (235).JPG,Apple___healthy,256,256,JPEG,RGB,False,healthy,train
dataset\Apple___Apple_scab\image (77).JPG,Apple___Apple_scab,256,256,JPEG,RGB,False,apple_scab,train
dataset\Apple___Black_rot\image (409).JPG,Apple___Black_rot,256,256,JPEG,RGB,False,black_rot,train
dataset\Apple___healthy\image (1446).JPG,Apple___healthy,256,256,JPEG,RGB,False,healthy,train
dataset\Apple___Black_rot\image (344).JPG,Apple___Black_rot,256,256,JPEG,RGB,False,black_rot,validation
dataset\Apple___Apple_scab\image (356).JPG,Apple___Apple_scab,256,256,JPEG,RGB,False,apple_scab,validation
dataset\Apple___Cedar_apple_rust\image (211).JPG,Apple___Cedar_apple_rust,256,256,JPEG,RGB,False,cedar_rust,train
dataset\Apple___Apple_scab\image (182).JPG,Apple___Apple_scab,256,256,JPEG,RGB,False,apple_scab,train
dataset\Apple___Cedar_apple_rust\image (36).JPG,Apple___Cedar_apple_rust,256,256,JPEG,RGB,False,cedar_rust,train
dataset\Apple___healthy\image (1216).JPG,Apple___healthy,256,256,JPEG,RGB,False,healthy,train
dataset\Apple___Black_rot\image (240).JPG,Apple___Black_rot,256,256,JPEG,RGB,False,black_rot,train
dataset\Apple___Apple_scab\image (552).JPG,Apple___Apple_scab,256,256,JPEG,RGB,False,apple_scab,train
dataset\Apple___Black_rot\image (345).JPG,Apple___Black_rot,256,256,JPEG,RGB,False,black_rot,train
dataset\Apple___healthy\image (1023).JPG,Apple___healthy,256,256,JPEG,RGB,False,healthy,validation
dataset\Apple___healthy\image (1364).JPG,Apple___healthy,256,256,JPEG,RGB,False,healthy,train
dataset\Apple___Black_rot\image (292).JPG,Apple___Black_rot,256,256,JPEG,RGB,False,black_rot,train
dataset\Apple___Apple_scab\image (595).JPG,Apple___Apple_scab,256,256,JPEG,RGB,False,apple_scab,train
dataset\Apple___healthy\image (992).JPG,Apple___healthy,256,256,JPEG,RGB,False,healthy,train
dataset\Apple___healthy\image (1227).JPG,Apple___healthy,256,256,JPEG,RGB,False,healthy,train
dataset\Apple___Black_rot\image (424).JPG,Apple___Black_rot,256,256,JPEG,RGB,False,black_rot,train
dataset\Apple___healthy\image (356).JPG,Apple___healthy,256,256,JPEG,RGB,False,healthy,train
dataset\Apple___Black_rot\image (341).JPG,Apple___Black_rot,256,256,JPEG,RGB,False,black_rot,train
dataset\Apple___healthy\image (1411).JPG,Apple___healthy,256,256,JPEG,RGB,False,healthy,test
dataset\Apple___healthy\image (1490).JPG,Apple___healthy,256,256,JPEG,RGB,False,healthy,train
dataset\Apple___healthy\image (1592).JPG,Apple___healthy,256,256,JPEG,RGB,False,healthy,train
dataset\Apple___healthy\image (470).JPG,Apple___healthy,256,256,JPEG,RGB,False,healthy,train
dataset\Apple___healthy\image (171).JPG,Apple___healthy,256,256,JPEG,RGB,False,healthy,train
dataset\Apple___healthy\image (787).JPG,Apple___healthy,256,256,JPEG,RGB,False,healthy,validation
dataset\Apple___Black_rot\image (445).JPG,Apple___Black_rot,256,256,JPEG,RGB,False,black_rot,test
dataset\Apple___healthy\image (551).JPG,Apple___healthy,256,256,JPEG,RGB,False,healthy,train
dataset\Apple___healthy\image (825).JPG,Apple___healthy,256,256,JPEG,RGB,False,healthy,train
dataset\Apple___Apple_scab\image (58).JPG,Apple___Apple_scab,256,256,JPEG,RGB,False,apple_scab,train
dataset\Apple___healthy\image (456).JPG,Apple___healthy,256,256,JPEG,RGB,False,healthy,train
dataset\Apple___healthy\image (222).JPG,Apple___healthy,256,256,JPEG,RGB,False,healthy,test
dataset\Apple___healthy\image (605).JPG,Apple___healthy,256,256,JPEG,RGB,False,healthy,train
dataset\Apple___healthy\image (1417).JPG,Apple___healthy,256,256,JPEG,RGB,False,healthy,train
dataset\Apple___Apple_scab\image (449).JPG,Apple___Apple_scab,256,256,JPEG,RGB,False,apple_scab,train
dataset\Apple___healthy\image (209).JPG,Apple___healthy,256,256,JPEG,RGB,False,healthy,train
dataset\Apple___healthy\image (1197).JPG,Apple___healthy,256,256,JPEG,RGB,False,healthy,train
dataset\Apple___Apple_scab\image (623).JPG,Apple___Apple_scab,256,256,JPEG,RGB,False,apple_scab,train
dataset\Apple___healthy\image (1415).JPG,Apple___healthy,256,256,JPEG,RGB,False,healthy,train
dataset\Apple___Apple_scab\image (454).JPG,Apple___Apple_scab,256,256,JPEG,RGB,False,apple_scab,train
dataset\Apple___healthy\image (437).JPG,Apple___healthy,256,256,JPEG,RGB,False,healthy,train
dataset\Apple___Cedar_apple_rust\image (272).JPG,Apple___Cedar_apple_rust,256,256,JPEG,RGB,False,cedar_rust,train
dataset\Apple___healthy\image (1153).JPG,Apple___healthy,256,256,JPEG,RGB,False,healthy,train
dataset\Apple___healthy\image (1424).JPG,Apple___healthy,256,256,JPEG,RGB,False,healthy,test
dataset\Apple___healthy\image (755).JPG,Apple___healthy,256,256,JPEG,RGB,False,healthy,test
dataset\Apple___healthy\image (848).JPG,Apple___healthy,256,256,JPEG,RGB,False,healthy,test
dataset\Apple___healthy\image (1201).JPG,Apple___healthy,256,256,JPEG,RGB,False,healthy,train
dataset\Apple___Apple_scab\image (101).JPG,Apple___Apple_scab,256,256,JPEG,RGB,False,apple_scab,train
dataset\Apple___healthy\image (1499).JPG,Apple___healthy,256,256,JPEG,RGB,False,healthy,train
dataset\Apple___Black_rot\image (205).JPG,Apple___Black_rot,256,256,JPEG,RGB,False,black_rot,validation
dataset\Apple___healthy\image (396).JPG,Apple___healthy,256,256,JPEG,RGB,False,healthy,test
dataset\Apple___healthy\image (1568).JPG,Apple___healthy,256,256,JPEG,RGB,False,healthy,train
dataset\Apple___Apple_scab\image (238).JPG,Apple___Apple_scab,256,256,JPEG,RGB,False,apple_scab,train
dataset\Apple___Cedar_apple_rust\image (271).JPG,Apple___Cedar_apple_rust,256,256,JPEG,RGB,False,cedar_rust,train
dataset\Apple___healthy\image (51).JPG,Apple___healthy,256,256,JPEG,RGB,False,healthy,train
dataset\Apple___healthy\image (744).JPG,Apple___healthy,256,256,JPEG,RGB,False,healthy,validation
dataset\Apple___Apple_scab\image (515).JPG,Apple___Apple_scab,256,256,JPEG,RGB,False,apple_scab,train
dataset\Apple___Apple_scab\image (220).JPG,Apple___Apple_scab,256,256,JPEG,RGB,False,apple_scab,train
dataset\Apple___Black_rot\image (431).JPG,Apple___Black_rot,256,256,JPEG,RGB,False,black_rot,train
dataset\Apple___healthy\image (706).JPG,Apple___healthy,256,256,JPEG,RGB,False,healthy,train
dataset\Apple___healthy\image (801).JPG,Apple___healthy,256,256,JPEG,RGB,False,healthy,train
dataset\Apple___Black_rot\image (180).JPG,Apple___Black_rot,256,256,JPEG,RGB,False,black_rot,train
dataset\Apple___Apple_scab\image (87).JPG,Apple___Apple_scab,256,256,JPEG,RGB,False,apple_scab,train
dataset\Apple___Black_rot\image (491).JPG,Apple___Black_rot,256,256,JPEG,RGB,False,black_rot,train
dataset\Apple___healthy\image (1383).JPG,Apple___healthy,256,256,JPEG,RGB,False,healthy,validation
dataset\Apple___Apple_scab\image (576).JPG,Apple___Apple_scab,256,256,JPEG,RGB,False,apple_scab,train
dataset\Apple___healthy\image (1337).JPG,Apple___healthy,256,256,JPEG,RGB,False,healthy,train
dataset\Apple___Cedar_apple_rust\image (266).JPG,Apple___Cedar_apple_rust,256,256,JPEG,RGB,False,cedar_rust,test
dataset\Apple___healthy\image (1465).JPG,Apple___healthy,256,256,JPEG,RGB,False,healthy,train
dataset\Apple___healthy\image (1072).JPG,Apple___healthy,256,256,JPEG,RGB,False,healthy,train
dataset\Apple___healthy\image (592).JPG,Apple___healthy,256,256,JPEG,RGB,False,healthy,train
dataset\Apple___Apple_scab\image (506).JPG,Apple___Apple_scab,256,256,JPEG,RGB,False,apple_scab,train
dataset\Apple___Apple_scab\image (402).JPG,Apple___Apple_scab,256,256,JPEG,RGB,False,apple_scab,test
dataset\Apple___healthy\image (530).JPG,Apple___healthy,256,256,JPEG,RGB,False,healthy,test
dataset\Apple___healthy\image (1282).JPG,Apple___healthy,256,256,JPEG,RGB,False,healthy,train
dataset\Apple___healthy\image (62).JPG,Apple___healthy,256,256,JPEG,RGB,False,healthy,train
dataset\Apple___healthy\image (963).JPG,Apple___healthy,256,256,JPEG,RGB,False,healthy,train
dataset\Apple___Black_rot\image (162).JPG,Apple___Black_rot,256,256,JPEG,RGB,False,black_rot,train
dataset\Apple___healthy\image (1145).JPG,Apple___healthy,256,256,JPEG,RGB,False,healthy,train
dataset\Apple___healthy\image (791).JPG,Apple___healthy,256,256,JPEG,RGB,False,healthy,validation
dataset\Apple___Black_rot\image (219).JPG,Apple___Black_rot,256,256,JPEG,RGB,False,black_rot,test
dataset\Apple___healthy\image (701).JPG,Apple___healthy,256,256,JPEG,RGB,False,healthy,test
dataset\Apple___healthy\image (925).JPG,Apple___healthy,256,256,JPEG,RGB,False,healthy,test
dataset\Apple___Black_rot\image (103).JPG,Apple___Black_rot,256,256,JPEG,RGB,False,black_rot,train
dataset\Apple___Black_rot\image (552).JPG,Apple___Black_rot,256,256,JPEG,RGB,False,black_rot,train
dataset\Apple___healthy\image (48).JPG,Apple___healthy,256,256,JPEG,RGB,False,healthy,train
dataset\Apple___healthy\image (1421).JPG,Apple___healthy,256,256,JPEG,RGB,False,healthy,train
dataset\Apple___Apple_scab\image (362).JPG,Apple___Apple_scab,256,256,JPEG,RGB,False,apple_scab,train
dataset\Apple___Apple_scab\image (395).JPG,Apple___Apple_scab,256,256,JPEG,RGB,False,apple_scab,train
dataset\Apple___Cedar_apple_rust\image (85).JPG,Apple___Cedar_apple_rust,256,256,JPEG,RGB,False,cedar_rust,train
dataset\Apple___healthy\image (1561).JPG,Apple___healthy,256,256,JPEG,RGB,False,healthy,train
dataset\Apple___healthy\image (1581).JPG,Apple___healthy,256,256,JPEG,RGB,False,healthy,train
dataset\Apple___Apple_scab\image (286).JPG,Apple___Apple_scab,256,256,JPEG,RGB,False,apple_scab,train
dataset\Apple___healthy\image (693).JPG,Apple___healthy,256,256,JPEG,RGB,False,healthy,validation
dataset\Apple___Apple_scab\image (518).JPG,Apple___Apple_scab,256,256,JPEG,RGB,False,apple_scab,train
dataset\Apple___healthy\image (1453).JPG,Apple___healthy,256,256,JPEG,RGB,False,healthy,train
dataset\Apple___healthy\image (375).JPG,Apple___healthy,256,256,JPEG,RGB,False,healthy,train
dataset\Apple___Black_rot\image (244).JPG,Apple___Black_rot,256,256,JPEG,RGB,False,black_rot,train
dataset\Apple___Black_rot\image (267).JPG,Apple___Black_rot,256,256,JPEG,RGB,False,black_rot,train
dataset\Apple___Cedar_apple_rust\image (68).JPG,Apple___Cedar_apple_rust,256,256,JPEG,RGB,False,cedar_rust,train
dataset\Apple___healthy\image (1076).JPG,Apple___healthy,256,256,JPEG,RGB,False,healthy,validation
dataset\Apple___Black_rot\image (311).JPG,Apple___Black_rot,256,256,JPEG,RGB,False,black_rot,train
dataset\Apple___Apple_scab\image (626).JPG,Apple___Apple_scab,256,256,JPEG,RGB,False,apple_scab,train
dataset\Apple___Apple_scab\image (406).JPG,Apple___Apple_scab,256,256,JPEG,RGB,False,apple_scab,train
dataset\Apple___Black_rot\image (39).JPG,Apple___Black_rot,256,256,JPEG,RGB,False,black_rot,train
dataset\Apple___Black_rot\image (545).JPG,Apple___Black_rot,256,256,JPEG,RGB,False,black_rot,train
dataset\Apple___Black_rot\image (454).JPG,Apple___Black_rot,256,256,JPEG,RGB,False,black_rot,train
dataset\Apple___healthy\image (1611).JPG,Apple___healthy,256,256,JPEG,RGB,False,healthy,train
dataset\Apple___Apple_scab\image (592).JPG,Apple___Apple_scab,256,256,JPEG,RGB,False,apple_scab,train
dataset\Apple___Black_rot\image (7).JPG,Apple___Black_rot,256,256,JPEG,RGB,False,black_rot,train
dataset\Apple___Apple_scab\image (48).JPG,Apple___Apple_scab,256,256,JPEG,RGB,False,apple_scab,train
dataset\Apple___Apple_scab\image (132).JPG,Apple___Apple_scab,256,256,JPEG,RGB,False,apple_scab,train
dataset\Apple___healthy\image (1530).JPG,Apple___healthy,256,256,JPEG,RGB,False,healthy,test
dataset\Apple___healthy\image (625).JPG,Apple___healthy,256,256,JPEG,RGB,False,healthy,train
dataset\Apple___Black_rot\image (99).JPG,Apple___Black_rot,256,256,JPEG,RGB,False,black_rot,train
dataset\Apple___healthy\image (746).JPG,Apple___healthy,256,256,JPEG,RGB,False,healthy,train
dataset\Apple___Apple_scab\image (60).JPG,Apple___Apple_scab,256,256,JPEG,RGB,False,apple_scab,train
dataset\Apple___healthy\image (72).JPG,Apple___healthy,256,256,JPEG,RGB,False,healthy,test
dataset\Apple___Black_rot\image (398).JPG,Apple___Black_rot,256,256,JPEG,RGB,False,black_rot,train
dataset\Apple___healthy\image (1610).JPG,Apple___healthy,256,256,JPEG,RGB,False,healthy,train
dataset\Apple___Apple_scab\image (554).JPG,Apple___Apple_scab,256,256,JPEG,RGB,False,apple_scab,train
dataset\Apple___Apple_scab\image (44).JPG,Apple___Apple_scab,256,256,JPEG,RGB,False,apple_scab,test
dataset\Apple___healthy\image (316).JPG,Apple___healthy,256,256,JPEG,RGB,False,healthy,train
dataset\Apple___healthy\image (835).JPG,Apple___healthy,256,256,JPEG,RGB,False,healthy,train
dataset\Apple___Apple_scab\image (30).JPG,Apple___Apple_scab,256,256,JPEG,RGB,False,apple_scab,train
dataset\Apple___healthy\image (1386).JPG,Apple___healthy,256,256,JPEG,RGB,False,healthy,train
dataset\Apple___Apple_scab\image (593).JPG,Apple___Apple_scab,256,256,JPEG,RGB,False,apple_scab,validation
dataset\Apple___Black_rot\image (175).JPG,Apple___Black_rot,256,256,JPEG,RGB,False,black_rot,test
dataset\Apple___healthy\image (772).JPG,Apple___healthy,256,256,JPEG,RGB,False,healthy,train
dataset\Apple___healthy\image (666).JPG,Apple___healthy,256,256,JPEG,RGB,False,healthy,train
dataset\Apple___Cedar_apple_rust\image (125).JPG,Apple___Cedar_apple_rust,256,256,JPEG,RGB,False,cedar_rust,train
dataset\Apple___Apple_scab\image (152).JPG,Apple___Apple_scab,256,256,JPEG,RGB,False,apple_scab,train
dataset\Apple___healthy\image (875).JPG,Apple___healthy,256,256,JPEG,RGB,False,healthy,train
dataset\Apple___Cedar_apple_rust\image (57).JPG,Apple___Cedar_apple_rust,256,256,JPEG,RGB,False,cedar_rust,train
dataset\Apple___healthy\image (353).JPG,Apple___healthy,256,256,JPEG,RGB,False,healthy,train
dataset\Apple___healthy\image (656).JPG,Apple___healthy,256,256,JPEG,RGB,False,healthy,train
dataset\Apple___Apple_scab\image (66).JPG,Apple___Apple_scab,256,256,JPEG,RGB,False,apple_scab,train
dataset\Apple___healthy\image (284).JPG,Apple___healthy,256,256,JPEG,RGB,False,healthy,test
dataset\Apple___Cedar_apple_rust\image (54).JPG,Apple___Cedar_apple_rust,256,256,JPEG,RGB,False,cedar_rust,validation
dataset\Apple___healthy\image (1521).JPG,Apple___healthy,256,256,JPEG,RGB,False,healthy,train
dataset\Apple___Black_rot\image (238).JPG,Apple___Black_rot,256,256,JPEG,RGB,False,black_rot,validation
dataset\Apple___healthy\image (1288).JPG,Apple___healthy,256,256,JPEG,RGB,False,healthy,train
dataset\Apple___Cedar_apple_rust\image (140).JPG,Apple___Cedar_apple_rust,256,256,JPEG,RGB,False,cedar_rust,train
dataset\Apple___healthy\image (779).JPG,Apple___healthy,256,256,JPEG,RGB,False,healthy,train
dataset\Apple___healthy\image (95).JPG,Apple___healthy,256,256,JPEG,RGB,False,healthy,train
dataset\Apple___healthy\image (450).JPG,Apple___healthy,256,256,JPEG,RGB,False,healthy,test
dataset\Apple___Black_rot\image (617).JPG,Apple___Black_rot,256,256,JPEG,RGB,False,black_rot,validation
dataset\Apple___healthy\image (877).JPG,Apple___healthy,256,256,JPEG,RGB,False,healthy,train
dataset\Apple___healthy\image (254).JPG,Apple___healthy,256,256,JPEG,RGB,False,healthy,test
dataset\Apple___healthy\image (699).JPG,Apple___healthy,256,256,JPEG,RGB,False,healthy,test
dataset\Apple___Black_rot\image (49).JPG,Apple___Black_rot,256,256,JPEG,RGB,False,black_rot,validation
dataset\Apple___Black_rot\image (196).JPG,Apple___Black_rot,256,256,JPEG,RGB,False,black_rot,train
dataset\Apple___healthy\image (1336).JPG,Apple___healthy,256,256,JPEG,RGB,False,healthy,train
dataset\Apple___Black_rot\image (393).JPG,Apple___Black_rot,256,256,JPEG,RGB,False,black_rot,train
dataset\Apple___healthy\image (997).JPG,Apple___healthy,256,256,JPEG,RGB,False,healthy,test
dataset\Apple___Black_rot\image (161).JPG,Apple___Black_rot,256,256,JPEG,RGB,False,black_rot,train
dataset\Apple___Apple_scab\image (261).JPG,Apple___Apple_scab,256,256,JPEG,RGB,False,apple_scab,train
dataset\Apple___healthy\image (1604).JPG,Apple___healthy,256,256,JPEG,RGB,False,healthy,test
dataset\Apple___healthy\image (1137).JPG,Apple___healthy,256,256,JPEG,RGB,False,healthy,train
dataset\Apple___healthy\image (248).JPG,Apple___healthy,256,256,JPEG,RGB,False,healthy,validation
dataset\Apple___healthy\image (948).JPG,Apple___healthy,256,256,JPEG,RGB,False,healthy,test
dataset\Apple___Apple_scab\image (144).JPG,Apple___Apple_scab,256,256,JPEG,RGB,False,apple_scab,train
dataset\Apple___Apple_scab\image (211).JPG,Apple___Apple_scab,256,256,JPEG,RGB,False,apple_scab,train
dataset\Apple___Black_rot\image (425).JPG,Apple___Black_rot,256,256,JPEG,RGB,False,black_rot,train
dataset\Apple___Black_rot\image (440).JPG,Apple___Black_rot,256,256,JPEG,RGB,False,black_rot,train
dataset\Apple___healthy\image (715).JPG,Apple___healthy,256,256,JPEG,RGB,False,healthy,train
dataset\Apple___healthy\image (1034).JPG,Apple___healthy,256,256,JPEG,RGB,False,healthy,train
dataset\Apple___healthy\image (294).JPG,Apple___healthy,256,256,JPEG,RGB,False,healthy,train
dataset\Apple___healthy\image (449).JPG,Apple___healthy,256,256,JPEG,RGB,False,healthy,validation
dataset\Apple___healthy\image (1551).JPG,Apple___healthy,256,256,JPEG,RGB,False,healthy,train
dataset\Apple___healthy\image (1579).JPG,Apple___healthy,256,256,JPEG,RGB,False,healthy,train
dataset\Apple___Apple_scab\image (379).JPG,Apple___Apple_scab,256,256,JPEG,RGB,False,apple_scab,train
dataset\Apple___Apple_scab\image (603).JPG,Apple___Apple_scab,256,256,JPEG,RGB,False,apple_scab,validation
dataset\Apple___healthy\image (628).JPG,Apple___healthy,256,256,JPEG,RGB,False,healthy,test
dataset\Apple___healthy\image (1061).JPG,Apple___healthy,256,256,JPEG,RGB,False,healthy,train
dataset\Apple___Apple_scab\image (199).JPG,Apple___Apple_scab,256,256,JPEG,RGB,False,apple_scab,train
dataset\Apple___Black_rot\image (533).JPG,Apple___Black_rot,256,256,JPEG,RGB,False,black_rot,train
dataset\Apple___healthy\image (352).JPG,Apple___healthy,256,256,JPEG,RGB,False,healthy,train
dataset\Apple___Apple_scab\image (559).JPG,Apple___Apple_scab,256,256,JPEG,RGB,False,apple_scab,validation
dataset\Apple___healthy\image (1378).JPG,Apple___healthy,256,256,JPEG,RGB,False,healthy,validation
dataset\Apple___healthy\image (594).JPG,Apple___healthy,256,256,JPEG,RGB,False,healthy,train
dataset\Apple___healthy\image (1178).JPG,Apple___healthy,256,256,JPEG,RGB,False,healthy,train
dataset\Apple___Apple_scab\image (439).JPG,Apple___Apple_scab,256,256,JPEG,RGB,False,apple_scab,train
dataset\Apple___healthy\image (798).JPG,Apple___healthy,256,256,JPEG,RGB,False,healthy,validation
dataset\Apple___healthy\image (1123).JPG,Apple___healthy,256,256,JPEG,RGB,False,healthy,train
dataset\Apple___Apple_scab\image (546).JPG,Apple___Apple_scab,256,256,JPEG,RGB,False,apple_scab,train
dataset\Apple___healthy\image (1373).JPG,Apple___healthy,256,256,JPEG,RGB,False,healthy,train
dataset\Apple___Apple_scab\image (499).JPG,Apple___Apple_scab,256,256,JPEG,RGB,False,apple_scab,train
dataset\Apple___healthy\image (954).JPG,Apple___healthy,256,256,JPEG,RGB,False,healthy,test
dataset\Apple___healthy\image (1001).JPG,Apple___healthy,256,256,JPEG,RGB,False,healthy,train
dataset\Apple___Black_rot\image (129).JPG,Apple___Black_rot,256,256,JPEG,RGB,False,black_rot,test
dataset\Apple___Black_rot\image (304).JPG,Apple___Black_rot,256,256,JPEG,RGB,False,black_rot,validation
dataset\Apple___healthy\image (1352).JPG,Apple___healthy,256,256,JPEG,RGB,False,healthy,train
dataset\Apple___healthy\image (1010).JPG,Apple___healthy,256,256,JPEG,RGB,False,healthy,train
dataset\Apple___healthy\image (256).JPG,Apple___healthy,256,256,JPEG,RGB,False,healthy,train
dataset\Apple___Black_rot\image (241).JPG,Apple___Black_rot,256,256,JPEG,RGB,False,black_rot,train
dataset\Apple___Apple_scab\image (250).JPG,Apple___Apple_scab,256,256,JPEG,RGB,False,apple_scab,train
dataset\Apple___healthy\image (1310).JPG,Apple___healthy,256,256,JPEG,RGB,False,healthy,train
dataset\Apple___Cedar_apple_rust\image (126).JPG,Apple___Cedar_apple_rust,256,256,JPEG,RGB,False,cedar_rust,validation
dataset\Apple___healthy\image (221).JPG,Apple___healthy,256,256,JPEG,RGB,False,healthy,train
dataset\Apple___healthy\image (1298).JPG,Apple___healthy,256,256,JPEG,RGB,False,healthy,train
dataset\Apple___healthy\image (58).JPG,Apple___healthy,256,256,JPEG,RGB,False,healthy,test
dataset\Apple___healthy\image (1474).JPG,Apple___healthy,256,256,JPEG,RGB,False,healthy,train
dataset\Apple___Black_rot\image (370).JPG,Apple___Black_rot,256,256,JPEG,RGB,False,black_rot,train
dataset\Apple___Black_rot\image (204).JPG,Apple___Black_rot,256,256,JPEG,RGB,False,black_rot,test
dataset\Apple___healthy\image (1003).JPG,Apple___healthy,256,256,JPEG,RGB,False,healthy,validation
dataset\Apple___Apple_scab\image (76).JPG,Apple___Apple_scab,256,256,JPEG,RGB,False,apple_scab,train
dataset\Apple___healthy\image (348).JPG,Apple___healthy,256,256,JPEG,RGB,False,healthy,train
dataset\Apple___healthy\image (922).JPG,Apple___healthy,256,256,JPEG,RGB,False,healthy,validation
dataset\Apple___healthy\image (998).JPG,Apple___healthy,256,256,JPEG,RGB,False,healthy,train
dataset\Apple___healthy\image (1014).JPG,Apple___healthy,256,256,JPEG,RGB,False,healthy,test
dataset\Apple___Apple_scab\image (451).JPG,Apple___Apple_scab,256,256,JPEG,RGB,False,apple_scab,validation
dataset\Apple___Apple_scab\image (591).JPG,Apple___Apple_scab,256,256,JPEG,RGB,False,apple_scab,test
dataset\Apple___healthy\image (1154).JPG,Apple___healthy,256,256,JPEG,RGB,False,healthy,train
dataset\Apple___Apple_scab\image (582).JPG,Apple___Apple_scab,256,256,JPEG,RGB,False,apple_scab,train
dataset\Apple___healthy\image (1139).JPG,Apple___healthy,256,256,JPEG,RGB,False,healthy,validation
dataset\Apple___Apple_scab\image (53).JPG,Apple___Apple_scab,256,256,JPEG,RGB,False,apple_scab,train
dataset\Apple___Apple_scab\image (431).JPG,Apple___Apple_scab,256,256,JPEG,RGB,False,apple_scab,train
dataset\Apple___Cedar_apple_rust\image (261).JPG,Apple___Cedar_apple_rust,256,256,JPEG,RGB,False,cedar_rust,train
dataset\Apple___Black_rot\image (273).JPG,Apple___Black_rot,256,256,JPEG,RGB,False,black_rot,train
dataset\Apple___Black_rot\image (114).JPG,Apple___Black_rot,256,256,JPEG,RGB,False,black_rot,train
dataset\Apple___Apple_scab\image (82).JPG,Apple___Apple_scab,256,256,JPEG,RGB,False,apple_scab,train
dataset\Apple___Apple_scab\image (571).JPG,Apple___Apple_scab,256,256,JPEG,RGB,False,apple_scab,test
dataset\Apple___healthy\image (263).JPG,Apple___healthy,256,256,JPEG,RGB,False,healthy,validation
dataset\Apple___healthy\image (88).JPG,Apple___healthy,256,256,JPEG,RGB,False,healthy,train
dataset\Apple___Apple_scab\image (63).JPG,Apple___Apple_scab,256,256,JPEG,RGB,False,apple_scab,train
dataset\Apple___Black_rot\image (371).JPG,Apple___Black_rot,256,256,JPEG,RGB,False,black_rot,validation
dataset\Apple___healthy\image (133).JPG,Apple___healthy,256,256,JPEG,RGB,False,healthy,train
dataset\Apple___healthy\image (1107).JPG,Apple___healthy,256,256,JPEG,RGB,False,healthy,test
dataset\Apple___Black_rot\image (43).JPG,Apple___Black_rot,256,256,JPEG,RGB,False,black_rot,train
dataset\Apple___healthy\image (302).JPG,Apple___healthy,256,256,JPEG,RGB,False,healthy,train
dataset\Apple___healthy\image (584).JPG,Apple___healthy,256,256,JPEG,RGB,False,healthy,train
dataset\Apple___healthy\image (509).JPG,Apple___healthy,256,256,JPEG,RGB,False,healthy,validation
dataset\Apple___Black_rot\image (229).JPG,Apple___Black_rot,256,256,JPEG,RGB,False,black_rot,validation
dataset\Apple___healthy\image (35).JPG,Apple___healthy,256,256,JPEG,RGB,False,healthy,train
dataset\Apple___Apple_scab\image (276).JPG,Apple___Apple_scab,256,256,JPEG,RGB,False,apple_scab,train
dataset\Apple___healthy\image (1043).JPG,Apple___healthy,256,256,JPEG,RGB,False,healthy,train
dataset\Apple___Black_rot\image (412).JPG,Apple___Black_rot,256,256,JPEG,RGB,False,black_rot,train
dataset\Apple___healthy\image (698).JPG,Apple___healthy,256,256,JPEG,RGB,False,healthy,train
dataset\Apple___Black_rot\image (363).JPG,Apple___Black_rot,256,256,JPEG,RGB,False,black_rot,train
dataset\Apple___Apple_scab\image (16).JPG,Apple___Apple_scab,256,256,JPEG,RGB,False,apple_scab,train
dataset\Apple___healthy\image (800).JPG,Apple___healthy,256,256,JPEG,RGB,False,healthy,train
dataset\Apple___healthy\image (1049).JPG,Apple___healthy,256,256,JPEG,RGB,False,healthy,train
dataset\Apple___Black_rot\image (164).JPG,Apple___Black_rot,256,256,JPEG,RGB,False,black_rot,train
dataset\Apple___healthy\image (504).JPG,Apple___healthy,256,256,JPEG,RGB,False,healthy,train
dataset\Apple___healthy\image (1516).JPG,Apple___healthy,256,256,JPEG,RGB,False,healthy,test
dataset\Apple___healthy\image (211).JPG,Apple___healthy,256,256,JPEG,RGB,False,healthy,train
dataset\Apple___healthy\image (370).JPG,Apple___healthy,256,256,JPEG,RGB,False,healthy,train
dataset\Apple___healthy\image (1208).JPG,Apple___healthy,256,256,JPEG,RGB,False,healthy,train
dataset\Apple___healthy\image (816).JPG,Apple___healthy,256,256,JPEG,RGB,False,healthy,validation
dataset\Apple___healthy\image (454).JPG,Apple___healthy,256,256,JPEG,RGB,False,healthy,train
dataset\Apple___healthy\image (1535).JPG,Apple___healthy,256,256,JPEG,RGB,False,healthy,train
dataset\Apple___healthy\image (424).JPG,Apple___healthy,256,256,JPEG,RGB,False,healthy,validation
dataset\Apple___healthy\image (792).JPG,Apple___healthy,256,256,JPEG,RGB,False,healthy,train
dataset\Apple___healthy\image (1449).JPG,Apple___healthy,256,256,JPEG,RGB,False,healthy,train
dataset\Apple___healthy\image (1091).JPG,Apple___healthy,256,256,JPEG,RGB,False,healthy,train
dataset\Apple___Black_rot\image (154).JPG,Apple___Black_rot,256,256,JPEG,RGB,False,black_rot,train
dataset\Apple___healthy\image (901).JPG,Apple___healthy,256,256,JPEG,RGB,False,healthy,test
dataset\Apple___Apple_scab\image (80).JPG,Apple___Apple_scab,256,256,JPEG,RGB,False,apple_scab,test
dataset\Apple___Black_rot\image (153).JPG,Apple___Black_rot,256,256,JPEG,RGB,False,black_rot,test
dataset\Apple___Apple_scab\image (504).JPG,Apple___Apple_scab,256,256,JPEG,RGB,False,apple_scab,train
dataset\Apple___healthy\image (216).JPG,Apple___healthy,256,256,JPEG,RGB,False,healthy,validation
dataset\Apple___Apple_scab\image (465).JPG,Apple___Apple_scab,256,256,JPEG,RGB,False,apple_scab,test
dataset\Apple___Cedar_apple_rust\image (115).JPG,Apple___Cedar_apple_rust,256,256,JPEG,RGB,False,cedar_rust,train
dataset\Apple___healthy\image (1011).JPG,Apple___healthy,256,256,JPEG,RGB,False,healthy,train
dataset\Apple___healthy\image (1234).JPG,Apple___healthy,256,256,JPEG,RGB,False,healthy,train
dataset\Apple___healthy\image (1237).JPG,Apple___healthy,256,256,JPEG,RGB,False,healthy,train
dataset\Apple___healthy\image (9).JPG,Apple___healthy,256,256,JPEG,RGB,False,healthy,train
dataset\Apple___healthy\image (5).JPG,Apple___healthy,256,256,JPEG,RGB,False,healthy,validation
dataset\Apple___Apple_scab\image (629).JPG,Apple___Apple_scab,256,256,JPEG,RGB,False,apple_scab,train
dataset\Apple___healthy\image (1050).JPG,Apple___healthy,256,256,JPEG,RGB,False,healthy,train
dataset\Apple___healthy\image (181).JPG,Apple___healthy,256,256,JPEG,RGB,False,healthy,train
dataset\Apple___Apple_scab\image (543).JPG,Apple___Apple_scab,256,256,JPEG,RGB,False,apple_scab,train
dataset\Apple___healthy\image (1331).JPG,Apple___healthy,256,256,JPEG,RGB,False,healthy,train
dataset\Apple___healthy\image (728).JPG,Apple___healthy,256,256,JPEG,RGB,False,healthy,test
dataset\Apple___Apple_scab\image (541).JPG,Apple___Apple_scab,256,256,JPEG,RGB,False,apple_scab,test
dataset\Apple___Cedar_apple_rust\image (262).JPG,Apple___Cedar_apple_rust,256,256,JPEG,RGB,False,cedar_rust,train
dataset\Apple___healthy\image (643).JPG,Apple___healthy,256,256,JPEG,RGB,False,healthy,validation
dataset\Apple___healthy\image (785).JPG,Apple___healthy,256,256,JPEG,RGB,False,healthy,train
dataset\Apple___Cedar_apple_rust\image (253).JPG,Apple___Cedar_apple_rust,256,256,JPEG,RGB,False,cedar_rust,train
dataset\Apple___healthy\image (468).JPG,Apple___healthy,256,256,JPEG,RGB,False,healthy,train
dataset\Apple___healthy\image (886).JPG,Apple___healthy,256,256,JPEG,RGB,False,healthy,test
dataset\Apple___Black_rot\image (47).JPG,Apple___Black_rot,256,256,JPEG,RGB,False,black_rot,train
dataset\Apple___Cedar_apple_rust\image (147).JPG,Apple___Cedar_apple_rust,256,256,JPEG,RGB,False,cedar_rust,train
dataset\Apple___healthy\image (401).JPG,Apple___healthy,256,256,JPEG,RGB,False,healthy,train
dataset\Apple___Cedar_apple_rust\image (31).JPG,Apple___Cedar_apple_rust,256,256,JPEG,RGB,False,cedar_rust,validation
dataset\Apple___Black_rot\image (619).JPG,Apple___Black_rot,256,256,JPEG,RGB,False,black_rot,validation
dataset\Apple___Cedar_apple_rust\image (39).JPG,Apple___Cedar_apple_rust,256,256,JPEG,RGB,False,cedar_rust,validation
dataset\Apple___healthy\image (240).JPG,Apple___healthy,256,256,JPEG,RGB,False,healthy,validation
dataset\Apple___healthy\image (611).JPG,Apple___healthy,256,256,JPEG,RGB,False,healthy,train
dataset\Apple___healthy\image (377).JPG,Apple___healthy,256,256,JPEG,RGB,False,healthy,test
dataset\Apple___healthy\image (1614).JPG,Apple___healthy,256,256,JPEG,RGB,False,healthy,train
dataset\Apple___healthy\image (596).JPG,Apple___healthy,256,256,JPEG,RGB,False,healthy,train
dataset\Apple___Apple_scab\image (333).JPG,Apple___Apple_scab,256,256,JPEG,RGB,False,apple_scab,train
dataset\Apple___healthy\image (1319).JPG,Apple___healthy,256,256,JPEG,RGB,False,healthy,train
dataset\Apple___Black_rot\image (26).JPG,Apple___Black_rot,256,256,JPEG,RGB,False,black_rot,train
dataset\Apple___healthy\image (686).JPG,Apple___healthy,256,256,JPEG,RGB,False,healthy,test
dataset\Apple___Black_rot\image (16).JPG,Apple___Black_rot,256,256,JPEG,RGB,False,black_rot,train
dataset\Apple___healthy\image (709).JPG,Apple___healthy,256,256,JPEG,RGB,False,healthy,train
dataset\Apple___Black_rot\image (385).JPG,Apple___Black_rot,256,256,JPEG,RGB,False,black_rot,train
dataset\Apple___healthy\image (688).JPG,Apple___healthy,256,256,JPEG,RGB,False,healthy,test
dataset\Apple___healthy\image (807).JPG,Apple___healthy,256,256,JPEG,RGB,False,healthy,train
dataset\Apple___Cedar_apple_rust\image (231).JPG,Apple___Cedar_apple_rust,256,256,JPEG,RGB,False,cedar_rust,train
dataset\Apple___Black_rot\image (475).JPG,Apple___Black_rot,256,256,JPEG,RGB,False,black_rot,train
dataset\Apple___healthy\image (144).JPG,Apple___healthy,256,256,JPEG,RGB,False,healthy,train
dataset\Apple___Apple_scab\image (400).JPG,Apple___Apple_scab,256,256,JPEG,RGB,False,apple_scab,train
dataset\Apple___healthy\image (4).JPG,Apple___healthy,256,256,JPEG,RGB,False,healthy,train
dataset\Apple___Black_rot\image (21).JPG,Apple___Black_rot,256,256,JPEG,RGB,False,black_rot,train
dataset\Apple___healthy\image (872).JPG,Apple___healthy,256,256,JPEG,RGB,False,healthy,train
dataset\Apple___healthy\image (1625).JPG,Apple___healthy,256,256,JPEG,RGB,False,healthy,train
dataset\Apple___healthy\image (614).JPG,Apple___healthy,256,256,JPEG,RGB,False,healthy,train
dataset\Apple___healthy\image (871).JPG,Apple___healthy,256,256,JPEG,RGB,False,healthy,train
dataset\Apple___Apple_scab\image (331).JPG,Apple___Apple_scab,256,256,JPEG,RGB,False,apple_scab,test
dataset\Apple___Cedar_apple_rust\image (2).JPG,Apple___Cedar_apple_rust,256,256,JPEG,RGB,False,cedar_rust,train
dataset\Apple___healthy\image (1544).JPG,Apple___healthy,256,256,JPEG,RGB,False,healthy,train
dataset\Apple___healthy\image (29).JPG,Apple___healthy,256,256,JPEG,RGB,False,healthy,train
dataset\Apple___Apple_scab\image (263).JPG,Apple___Apple_scab,256,256,JPEG,RGB,False,apple_scab,train
dataset\Apple___healthy\image (932).JPG,Apple___healthy,256,256,JPEG,RGB,False,healthy,test
dataset\Apple___healthy\image (578).JPG,Apple___healthy,256,256,JPEG,RGB,False,healthy,train
dataset\Apple___Apple_scab\image (115).JPG,Apple___Apple_scab,256,256,JPEG,RGB,False,apple_scab,train
dataset\Apple___healthy\image (911).JPG,Apple___healthy,256,256,JPEG,RGB,False,healthy,test
dataset\Apple___Cedar_apple_rust\image (37).JPG,Apple___Cedar_apple_rust,256,256,JPEG,RGB,False,cedar_rust,train
dataset\Apple___healthy\image (1444).JPG,Apple___healthy,256,256,JPEG,RGB,False,healthy,train
dataset\Apple___Black_rot\image (74).JPG,Apple___Black_rot,256,256,JPEG,RGB,False,black_rot,train
dataset\Apple___healthy\image (85).JPG,Apple___healthy,256,256,JPEG,RGB,False,healthy,train
dataset\Apple___Black_rot\image (247).JPG,Apple___Black_rot,256,256,JPEG,RGB,False,black_rot,train
dataset\Apple___healthy\image (1106).JPG,Apple___healthy,256,256,JPEG,RGB,False,healthy,train
dataset\Apple___Black_rot\image (585).JPG,Apple___Black_rot,256,256,JPEG,RGB,False,black_rot,test
dataset\Apple___Cedar_apple_rust\image (86).JPG,Apple___Cedar_apple_rust,256,256,JPEG,RGB,False,cedar_rust,test
dataset\Apple___Black_rot\image (527).JPG,Apple___Black_rot,256,256,JPEG,RGB,False,black_rot,test
dataset\Apple___Black_rot\image (482).JPG,Apple___Black_rot,256,256,JPEG,RGB,False,black_rot,train
dataset\Apple___healthy\image (575).JPG,Apple___healthy,256,256,JPEG,RGB,False,healthy,train
dataset\Apple___healthy\image (1514).JPG,Apple___healthy,256,256,JPEG,RGB,False,healthy,train
dataset\Apple___Black_rot\image (203).JPG,Apple___Black_rot,256,256,JPEG,RGB,False,black_rot,test
dataset\Apple___Black_rot\image (239).JPG,Apple___Black_rot,256,256,JPEG,RGB,False,black_rot,train
dataset\Apple___healthy\image (648).JPG,Apple___healthy,256,256,JPEG,RGB,False,healthy,train
dataset\Apple___healthy\image (806).JPG,Apple___healthy,256,256,JPEG,RGB,False,healthy,train
dataset\Apple___healthy\image (1436).JPG,Apple___healthy,256,256,JPEG,RGB,False,healthy,train
dataset\Apple___Black_rot\image (471).JPG,Apple___Black_rot,256,256,JPEG,RGB,False,black_rot,train
dataset\Apple___healthy\image (1219).JPG,Apple___healthy,256,256,JPEG,RGB,False,healthy,train
dataset\Apple___Black_rot\image (250).JPG,Apple___Black_rot,256,256,JPEG,RGB,False,black_rot,train
dataset\Apple___Apple_scab\image (522).JPG,Apple___Apple_scab,256,256,JPEG,RGB,False,apple_scab,train
dataset\Apple___Cedar_apple_rust\image (77).JPG,Apple___Cedar_apple_rust,256,256,JPEG,RGB,False,cedar_rust,validation
dataset\Apple___Black_rot\image (157).JPG,Apple___Black_rot,256,256,JPEG,RGB,False,black_rot,test
dataset\Apple___Apple_scab\image (476).JPG,Apple___Apple_scab,256,256,JPEG,RGB,False,apple_scab,validation
dataset\Apple___Apple_scab\image (459).JPG,Apple___Apple_scab,256,256,JPEG,RGB,False,apple_scab,train
dataset\Apple___healthy\image (1357).JPG,Apple___healthy,256,256,JPEG,RGB,False,healthy,train
dataset\Apple___healthy\image (1225).JPG,Apple___healthy,256,256,JPEG,RGB,False,healthy,train
dataset\Apple___Apple_scab\image (458).JPG,Apple___Apple_scab,256,256,JPEG,RGB,False,apple_scab,train
dataset\Apple___Cedar_apple_rust\image (122).JPG,Apple___Cedar_apple_rust,256,256,JPEG,RGB,False,cedar_rust,validation
dataset\Apple___healthy\image (1335).JPG,Apple___healthy,256,256,JPEG,RGB,False,healthy,validation
dataset\Apple___Black_rot\image (166).JPG,Apple___Black_rot,256,256,JPEG,RGB,False,black_rot,validation
dataset\Apple___Apple_scab\image (378).JPG,Apple___Apple_scab,256,256,JPEG,RGB,False,apple_scab,train
dataset\Apple___Apple_scab\image (374).JPG,Apple___Apple_scab,256,256,JPEG,RGB,False,apple_scab,train
dataset\Apple___healthy\image (638).JPG,Apple___healthy,256,256,JPEG,RGB,False,healthy,train
dataset\Apple___healthy\image (1295).JPG,Apple___healthy,256,256,JPEG,RGB,False,healthy,train
dataset\Apple___healthy\image (622).JPG,Apple___healthy,256,256,JPEG,RGB,False,healthy,train
dataset\Apple___healthy\image (1354).JPG,Apple___healthy,256,256,JPEG,RGB,False,healthy,train
dataset\Apple___Apple_scab\image (167).JPG,Apple___Apple_scab,256,256,JPEG,RGB,False,apple_scab,train
dataset\Apple___Cedar_apple_rust\image (257).JPG,Apple___Cedar_apple_rust,256,256,JPEG,RGB,False,cedar_rust,train
dataset\Apple___healthy\image (1125).JPG,Apple___healthy,256,256,JPEG,RGB,False,healthy,train
dataset\Apple___Black_rot\image (38).JPG,Apple___Black_rot,256,256,JPEG,RGB,False,black_rot,train
dataset\Apple___Black_rot\image (102).JPG,Apple___Black_rot,256,256,JPEG,RGB,False,black_rot,validation
dataset\Apple___healthy\image (681).JPG,Apple___healthy,256,256,JPEG,RGB,False,healthy,train
dataset\Apple___Apple_scab\image (415).JPG,Apple___Apple_scab,256,256,JPEG,RGB,False,apple_scab,train
dataset\Apple___Apple_scab\image (509).JPG,Apple___Apple_scab,256,256,JPEG,RGB,False,apple_scab,test
dataset\Apple___Black_rot\image (249).JPG,Apple___Black_rot,256,256,JPEG,RGB,False,black_rot,train
dataset\Apple___Black_rot\image (1).JPG,Apple___Black_rot,256,256,JPEG,RGB,False,black_rot,validation
dataset\Apple___Black_rot\image (599).JPG,Apple___Black_rot,256,256,JPEG,RGB,False,black_rot,validation
dataset\Apple___healthy\image (1419).JPG,Apple___healthy,256,256,JPEG,RGB,False,healthy,train
dataset\Apple___Cedar_apple_rust\image (12).JPG,Apple___Cedar_apple_rust,256,256,JPEG,RGB,False,cedar_rust,train
dataset\Apple___healthy\image (276).JPG,Apple___healthy,256,256,JPEG,RGB,False,healthy,train
dataset\Apple___Black_rot\image (434).JPG,Apple___Black_rot,256,256,JPEG,RGB,False,black_rot,test
dataset\Apple___Black_rot\image (291).JPG,Apple___Black_rot,256,256,JPEG,RGB,False,black_rot,train
dataset\Apple___healthy\image (660).JPG,Apple___healthy,256,256,JPEG,RGB,False,healthy,validation
dataset\Apple___Apple_scab\image (530).JPG,Apple___Apple_scab,256,256,JPEG,RGB,False,apple_scab,train
dataset\Apple___Apple_scab\image (464).JPG,Apple___Apple_scab,256,256,JPEG,RGB,False,apple_scab,train
dataset\Apple___healthy\image (924).JPG,Apple___healthy,256,256,JPEG,RGB,False,healthy,train
dataset\Apple___healthy\image (168).JPG,Apple___healthy,256,256,JPEG,RGB,False,healthy,train
dataset\Apple___healthy\image (1533).JPG,Apple___healthy,256,256,JPEG,RGB,False,healthy,train
dataset\Apple___healthy\image (646).JPG,Apple___healthy,256,256,JPEG,RGB,False,healthy,test
dataset\Apple___healthy\image (1365).JPG,Apple___healthy,256,256,JPEG,RGB,False,healthy,train
dataset\Apple___healthy\image (37).JPG,Apple___healthy,256,256,JPEG,RGB,False,healthy,train
dataset\Apple___healthy\image (1304).JPG,Apple___healthy,256,256,JPEG,RGB,False,healthy,train
dataset\Apple___healthy\image (655).JPG,Apple___healthy,256,256,JPEG,RGB,False,healthy,validation
dataset\Apple___Apple_scab\image (494).JPG,Apple___Apple_scab,256,256,JPEG,RGB,False,apple_scab,train
dataset\Apple___healthy\image (459).JPG,Apple___healthy,256,256,JPEG,RGB,False,healthy,train
dataset\Apple___Black_rot\image (486).JPG,Apple___Black_rot,256,256,JPEG,RGB,False,black_rot,train
dataset\Apple___Black_rot\image (461).JPG,Apple___Black_rot,256,256,JPEG,RGB,False,black_rot,test
dataset\Apple___healthy\image (1463).JPG,Apple___healthy,256,256,JPEG,RGB,False,healthy,test
dataset\Apple___Black_rot\image (89).JPG,Apple___Black_rot,256,256,JPEG,RGB,False,black_rot,train
dataset\Apple___healthy\image (664).JPG,Apple___healthy,256,256,JPEG,RGB,False,healthy,train
dataset\Apple___healthy\image (1452).JPG,Apple___healthy,256,256,JPEG,RGB,False,healthy,test
dataset\Apple___Black_rot\image (14).JPG,Apple___Black_rot,256,256,JPEG,RGB,False,black_rot,train
dataset\Apple___healthy\image (319).JPG,Apple___healthy,256,256,JPEG,RGB,False,healthy,train
dataset\Apple___healthy\image (1505).JPG,Apple___healthy,256,256,JPEG,RGB,False,healthy,train
dataset\Apple___Cedar_apple_rust\image (182).JPG,Apple___Cedar_apple_rust,256,256,JPEG,RGB,False,cedar_rust,train
dataset\Apple___Black_rot\image (302).JPG,Apple___Black_rot,256,256,JPEG,RGB,False,black_rot,test
dataset\Apple___healthy\image (1398).JPG,Apple___healthy,256,256,JPEG,RGB,False,healthy,train
dataset\Apple___Apple_scab\image (357).JPG,Apple___Apple_scab,256,256,JPEG,RGB,False,apple_scab,train
dataset\Apple___Apple_scab\image (128).JPG,Apple___Apple_scab,256,256,JPEG,RGB,False,apple_scab,test
dataset\Apple___healthy\image (528).JPG,Apple___healthy,256,256,JPEG,RGB,False,healthy,train
dataset\Apple___Apple_scab\image (73).JPG,Apple___Apple_scab,256,256,JPEG,RGB,False,apple_scab,train
dataset\Apple___Apple_scab\image (129).JPG,Apple___Apple_scab,256,256,JPEG,RGB,False,apple_scab,train
dataset\Apple___Black_rot\image (120).JPG,Apple___Black_rot,256,256,JPEG,RGB,False,black_rot,train
dataset\Apple___healthy\image (1423).JPG,Apple___healthy,256,256,JPEG,RGB,False,healthy,train
dataset\Apple___healthy\image (979).JPG,Apple___healthy,256,256,JPEG,RGB,False,healthy,train
dataset\Apple___Black_rot\image (361).JPG,Apple___Black_rot,256,256,JPEG,RGB,False,black_rot,train
dataset\Apple___healthy\image (1615).JPG,Apple___healthy,256,256,JPEG,RGB,False,healthy,validation
dataset\Apple___healthy\image (861).JPG,Apple___healthy,256,256,JPEG,RGB,False,healthy,test
dataset\Apple___Apple_scab\image (122).JPG,Apple___Apple_scab,256,256,JPEG,RGB,False,apple_scab,train
dataset\Apple___Cedar_apple_rust\image (197).JPG,Apple___Cedar_apple_rust,256,256,JPEG,RGB,False,cedar_rust,test
dataset\Apple___Black_rot\image (490).JPG,Apple___Black_rot,256,256,JPEG,RGB,False,black_rot,test
dataset\Apple___healthy\image (747).JPG,Apple___healthy,256,256,JPEG,RGB,False,healthy,validation
dataset\Apple___Apple_scab\image (184).JPG,Apple___Apple_scab,256,256,JPEG,RGB,False,apple_scab,train
dataset\Apple___Cedar_apple_rust\image (236).JPG,Apple___Cedar_apple_rust,256,256,JPEG,RGB,False,cedar_rust,validation
dataset\Apple___Cedar_apple_rust\image (159).JPG,Apple___Cedar_apple_rust,256,256,JPEG,RGB,False,cedar_rust,train
dataset\Apple___Cedar_apple_rust\image (225).JPG,Apple___Cedar_apple_rust,256,256,JPEG,RGB,False,cedar_rust,train
dataset\Apple___Black_rot\image (366).JPG,Apple___Black_rot,256,256,JPEG,RGB,False,black_rot,train
dataset\Apple___healthy\image (1546).JPG,Apple___healthy,256,256,JPEG,RGB,False,healthy,test
dataset\Apple___healthy\image (1412).JPG,Apple___healthy,256,256,JPEG,RGB,False,healthy,train
dataset\Apple___healthy\image (74).JPG,Apple___healthy,256,256,JPEG,RGB,False,healthy,train
dataset\Apple___healthy\image (285).JPG,Apple___healthy,256,256,JPEG,RGB,False,healthy,test
dataset\Apple___healthy\image (33).JPG,Apple___healthy,256,256,JPEG,RGB,False,healthy,test
dataset\Apple___Black_rot\image (256).JPG,Apple___Black_rot,256,256,JPEG,RGB,False,black_rot,train
dataset\Apple___healthy\image (661).JPG,Apple___healthy,256,256,JPEG,RGB,False,healthy,train
dataset\Apple___Apple_scab\image (135).JPG,Apple___Apple_scab,256,256,JPEG,RGB,False,apple_scab,validation
dataset\Apple___healthy\image (365).JPG,Apple___healthy,256,256,JPEG,RGB,False,healthy,train
dataset\Apple___healthy\image (239).JPG,Apple___healthy,256,256,JPEG,RGB,False,healthy,train
dataset\Apple___Apple_scab\image (503).JPG,Apple___Apple_scab,256,256,JPEG,RGB,False,apple_scab,train
dataset\Apple___healthy\image (1339).JPG,Apple___healthy,256,256,JPEG,RGB,False,healthy,train
dataset\Apple___healthy\image (1400).JPG,Apple___healthy,256,256,JPEG,RGB,False,healthy,validation
dataset\Apple___Black_rot\image (248).JPG,Apple___Black_rot,256,256,JPEG,RGB,False,black_rot,test
dataset\Apple___healthy\image (978).JPG,Apple___healthy,256,256,JPEG,RGB,False,healthy,validation
dataset\Apple___healthy\image (545).JPG,Apple___healthy,256,256,JPEG,RGB,False,healthy,train
dataset\Apple___healthy\image (828).JPG,Apple___healthy,256,256,JPEG,RGB,False,healthy,train
dataset\Apple___Apple_scab\image (445).JPG,Apple___Apple_scab,256,256,JPEG,RGB,False,apple_scab,test
dataset\Apple___Black_rot\image (42).JPG,Apple___Black_rot,256,256,JPEG,RGB,False,black_rot,train
dataset\Apple___healthy\image (422).JPG,Apple___healthy,256,256,JPEG,RGB,False,healthy,train
dataset\Apple___healthy\image (748).JPG,Apple___healthy,256,256,JPEG,RGB,False,healthy,train
dataset\Apple___healthy\image (905).JPG,Apple___healthy,256,256,JPEG,RGB,False,healthy,test
dataset\Apple___Apple_scab\image (141).JPG,Apple___Apple_scab,256,256,JPEG,RGB,False,apple_scab,test
dataset\Apple___healthy\image (734).JPG,Apple___healthy,256,256,JPEG,RGB,False,healthy,train
dataset\Apple___healthy\image (1433).JPG,Apple___healthy,256,256,JPEG,RGB,False,healthy,test
dataset\Apple___Black_rot\image (506).JPG,Apple___Black_rot,256,256,JPEG,RGB,False,black_rot,train
dataset\Apple___Black_rot\image (55).JPG,Apple___Black_rot,256,256,JPEG,RGB,False,black_rot,train
dataset\Apple___Black_rot\image (44).JPG,Apple___Black_rot,256,256,JPEG,RGB,False,black_rot,train
dataset\Apple___Apple_scab\image (247).JPG,Apple___Apple_scab,256,256,JPEG,RGB,False,apple_scab,test
dataset\Apple___healthy\image (586).JPG,Apple___healthy,256,256,JPEG,RGB,False,healthy,train
dataset\Apple___Black_rot\image (402).JPG,Apple___Black_rot,256,256,JPEG,RGB,False,black_rot,test
dataset\Apple___healthy\image (1413).JPG,Apple___healthy,256,256,JPEG,RGB,False,healthy,train
dataset\Apple___Apple_scab\image (434).JPG,Apple___Apple_scab,256,256,JPEG,RGB,False,apple_scab,test
dataset\Apple___Apple_scab\image (216).JPG,Apple___Apple_scab,256,256,JPEG,RGB,False,apple_scab,test
dataset\Apple___healthy\image (612).JPG,Apple___healthy,256,256,JPEG,RGB,False,healthy,train
dataset\Apple___Apple_scab\image (525).JPG,Apple___Apple_scab,256,256,JPEG,RGB,False,apple_scab,train
dataset\Apple___healthy\image (1593).JPG,Apple___healthy,256,256,JPEG,RGB,False,healthy,train
dataset\Apple___healthy\image (1362).JPG,Apple___healthy,256,256,JPEG,RGB,False,healthy,train
dataset\Apple___Apple_scab\image (195).JPG,Apple___Apple_scab,256,256,JPEG,RGB,False,apple_scab,test
dataset\Apple___healthy\image (960).JPG,Apple___healthy,256,256,JPEG,RGB,False,healthy,train
dataset\Apple___Cedar_apple_rust\image (48).JPG,Apple___Cedar_apple_rust,256,256,JPEG,RGB,False,cedar_rust,train
dataset\Apple___healthy\image (1218).JPG,Apple___healthy,256,256,JPEG,RGB,False,healthy,train
dataset\Apple___Cedar_apple_rust\image (212).JPG,Apple___Cedar_apple_rust,256,256,JPEG,RGB,False,cedar_rust,train
dataset\Apple___Apple_scab\image (159).JPG,Apple___Apple_scab,256,256,JPEG,RGB,False,apple_scab,train
dataset\Apple___Apple_scab\image (214).JPG,Apple___Apple_scab,256,256,JPEG,RGB,False,apple_scab,test
dataset\Apple___healthy\image (752).JPG,Apple___healthy,256,256,JPEG,RGB,False,healthy,validation
dataset\Apple___healthy\image (1164).JPG,Apple___healthy,256,256,JPEG,RGB,False,healthy,train
dataset\Apple___Black_rot\image (325).JPG,Apple___Black_rot,256,256,JPEG,RGB,False,black_rot,train
dataset\Apple___Black_rot\image (462).JPG,Apple___Black_rot,256,256,JPEG,RGB,False,black_rot,train
dataset\Apple___Cedar_apple_rust\image (75).JPG,Apple___Cedar_apple_rust,256,256,JPEG,RGB,False,cedar_rust,train
dataset\Apple___healthy\image (1477).JPG,Apple___healthy,256,256,JPEG,RGB,False,healthy,train
dataset\Apple___Black_rot\image (32).JPG,Apple___Black_rot,256,256,JPEG,RGB,False,black_rot,train
dataset\Apple___Black_rot\image (174).JPG,Apple___Black_rot,256,256,JPEG,RGB,False,black_rot,train
dataset\Apple___healthy\image (737).JPG,Apple___healthy,256,256,JPEG,RGB,False,healthy,train
dataset\Apple___Black_rot\image (613).JPG,Apple___Black_rot,256,256,JPEG,RGB,False,black_rot,train
dataset\Apple___Black_rot\image (252).JPG,Apple___Black_rot,256,256,JPEG,RGB,False,black_rot,train
dataset\Apple___Apple_scab\image (474).JPG,Apple___Apple_scab,256,256,JPEG,RGB,False,apple_scab,train
dataset\Apple___Cedar_apple_rust\image (165).JPG,Apple___Cedar_apple_rust,256,256,JPEG,RGB,False,cedar_rust,train
dataset\Apple___healthy\image (77).JPG,Apple___healthy,256,256,JPEG,RGB,False,healthy,validation
dataset\Apple___healthy\image (667).JPG,Apple___healthy,256,256,JPEG,RGB,False,healthy,test
dataset\Apple___healthy\image (1129).JPG,Apple___healthy,256,256,JPEG,RGB,False,healthy,train
dataset\Apple___Apple_scab\image (463).JPG,Apple___Apple_scab,256,256,JPEG,RGB,False,apple_scab,train
dataset\Apple___healthy\image (1381).JPG,Apple___healthy,256,256,JPEG,RGB,False,healthy,test
dataset\Apple___Black_rot\image (223).JPG,Apple___Black_rot,256,256,JPEG,RGB,False,black_rot,train
dataset\Apple___Cedar_apple_rust\image (108).JPG,Apple___Cedar_apple_rust,256,256,JPEG,RGB,False,cedar_rust,validation
dataset\Apple___Apple_scab\image (210).JPG,Apple___Apple_scab,256,256,JPEG,RGB,False,apple_scab,train
dataset\Apple___healthy\image (672).JPG,Apple___healthy,256,256,JPEG,RGB,False,healthy,train
dataset\Apple___Cedar_apple_rust\image (46).JPG,Apple___Cedar_apple_rust,256,256,JPEG,RGB,False,cedar_rust,train
dataset\Apple___healthy\image (1464).JPG,Apple___healthy,256,256,JPEG,RGB,False,healthy,test
dataset\Apple___Black_rot\image (56).JPG,Apple___Black_rot,256,256,JPEG,RGB,False,black_rot,train
dataset\Apple___Black_rot\image (448).JPG,Apple___Black_rot,256,256,JPEG,RGB,False,black_rot,validation
dataset\Apple___healthy\image (1114).JPG,Apple___healthy,256,256,JPEG,RGB,False,healthy,test
dataset\Apple___healthy\image (15).JPG,Apple___healthy,256,256,JPEG,RGB,False,healthy,train
dataset\Apple___Apple_scab\image (229).JPG,Apple___Apple_scab,256,256,JPEG,RGB,False,apple_scab,train
dataset\Apple___healthy\image (1035).JPG,Apple___healthy,256,256,JPEG,RGB,False,healthy,train
dataset\Apple___Apple_scab\image (71).JPG,Apple___Apple_scab,256,256,JPEG,RGB,False,apple_scab,train
dataset\Apple___healthy\image (430).JPG,Apple___healthy,256,256,JPEG,RGB,False,healthy,train
dataset\Apple___healthy\image (852).JPG,Apple___healthy,256,256,JPEG,RGB,False,healthy,train
dataset\Apple___healthy\image (1134).JPG,Apple___healthy,256,256,JPEG,RGB,False,healthy,validation
dataset\Apple___Black_rot\image (359).JPG,Apple___Black_rot,256,256,JPEG,RGB,False,black_rot,train
dataset\Apple___Apple_scab\image (233).JPG,Apple___Apple_scab,256,256,JPEG,RGB,False,apple_scab,train
dataset\Apple___Black_rot\image (87).JPG,Apple___Black_rot,256,256,JPEG,RGB,False,black_rot,validation
dataset\Apple___healthy\image (1566).JPG,Apple___healthy,256,256,JPEG,RGB,False,healthy,validation
dataset\Apple___healthy\image (1062).JPG,Apple___healthy,256,256,JPEG,RGB,False,healthy,test
dataset\Apple___healthy\image (1111).JPG,Apple___healthy,256,256,JPEG,RGB,False,healthy,train
dataset\Apple___Apple_scab\image (236).JPG,Apple___Apple_scab,256,256,JPEG,RGB,False,apple_scab,train
dataset\Apple___Apple_scab\image (475).JPG,Apple___Apple_scab,256,256,JPEG,RGB,False,apple_scab,train
dataset\Apple___healthy\image (1328).JPG,Apple___healthy,256,256,JPEG,RGB,False,healthy,train
dataset\Apple___Cedar_apple_rust\image (6).JPG,Apple___Cedar_apple_rust,256,256,JPEG,RGB,False,cedar_rust,test
dataset\Apple___healthy\image (431).JPG,Apple___healthy,256,256,JPEG,RGB,False,healthy,train
dataset\Apple___healthy\image (821).JPG,Apple___healthy,256,256,JPEG,RGB,False,healthy,train
dataset\Apple___healthy\image (146).JPG,Apple___healthy,256,256,JPEG,RGB,False,healthy,train
dataset\Apple___healthy\image (225).JPG,Apple___healthy,256,256,JPEG,RGB,False,healthy,train
dataset\Apple___healthy\image (457).JPG,Apple___healthy,256,256,JPEG,RGB,False,healthy,validation
dataset\Apple___Apple_scab\image (176).JPG,Apple___Apple_scab,256,256,JPEG,RGB,False,apple_scab,test
dataset\Apple___healthy\image (883).JPG,Apple___healthy,256,256,JPEG,RGB,False,healthy,test
dataset\Apple___healthy\image (1451).JPG,Apple___healthy,256,256,JPEG,RGB,False,healthy,train
dataset\Apple___healthy\image (400).JPG,Apple___healthy,256,256,JPEG,RGB,False,healthy,train
dataset\Apple___Apple_scab\image (512).JPG,Apple___Apple_scab,256,256,JPEG,RGB,False,apple_scab,validation
dataset\Apple___Apple_scab\image (447).JPG,Apple___Apple_scab,256,256,JPEG,RGB,False,apple_scab,train
dataset\Apple___healthy\image (475).JPG,Apple___healthy,256,256,JPEG,RGB,False,healthy,train
dataset\Apple___Black_rot\image (183).JPG,Apple___Black_rot,256,256,JPEG,RGB,False,black_rot,train
dataset\Apple___healthy\image (892).JPG,Apple___healthy,256,256,JPEG,RGB,False,healthy,train
dataset\Apple___Black_rot\image (211).JPG,Apple___Black_rot,256,256,JPEG,RGB,False,black_rot,test
dataset\Apple___Apple_scab\image (417).JPG,Apple___Apple_scab,256,256,JPEG,RGB,False,apple_scab,train
dataset\Apple___Cedar_apple_rust\image (250).JPG,Apple___Cedar_apple_rust,256,256,JPEG,RGB,False,cedar_rust,train
dataset\Apple___Black_rot\image (182).JPG,Apple___Black_rot,256,256,JPEG,RGB,False,black_rot,validation
dataset\Apple___Black_rot\image (543).JPG,Apple___Black_rot,256,256,JPEG,RGB,False,black_rot,train
dataset\Apple___Cedar_apple_rust\image (143).JPG,Apple___Cedar_apple_rust,256,256,JPEG,RGB,False,cedar_rust,train
dataset\Apple___healthy\image (404).JPG,Apple___healthy,256,256,JPEG,RGB,False,healthy,train
dataset\Apple___healthy\image (493).JPG,Apple___healthy,256,256,JPEG,RGB,False,healthy,train
dataset\Apple___healthy\image (692).JPG,Apple___healthy,256,256,JPEG,RGB,False,healthy,train
dataset\Apple___Apple_scab\image (165).JPG,Apple___Apple_scab,256,256,JPEG,RGB,False,apple_scab,train
dataset\Apple___Apple_scab\image (365).JPG,Apple___Apple_scab,256,256,JPEG,RGB,False,apple_scab,validation
dataset\Apple___Apple_scab\image (125).JPG,Apple___Apple_scab,256,256,JPEG,RGB,False,apple_scab,train
dataset\Apple___healthy\image (518).JPG,Apple___healthy,256,256,JPEG,RGB,False,healthy,train
dataset\Apple___healthy\image (831).JPG,Apple___healthy,256,256,JPEG,RGB,False,healthy,train
dataset\Apple___Black_rot\image (460).JPG,Apple___Black_rot,256,256,JPEG,RGB,False,black_rot,test
dataset\Apple___healthy\image (213).JPG,Apple___healthy,256,256,JPEG,RGB,False,healthy,train
dataset\Apple___healthy\image (46).JPG,Apple___healthy,256,256,JPEG,RGB,False,healthy,test
dataset\Apple___healthy\image (330).JPG,Apple___healthy,256,256,JPEG,RGB,False,healthy,train
dataset\Apple___healthy\image (1527).JPG,Apple___healthy,256,256,JPEG,RGB,False,healthy,train
dataset\Apple___healthy\image (1629).JPG,Apple___healthy,256,256,JPEG,RGB,False,healthy,validation
dataset\Apple___healthy\image (980).JPG,Apple___healthy,256,256,JPEG,RGB,False,healthy,train
dataset\Apple___Cedar_apple_rust\image (100).JPG,Apple___Cedar_apple_rust,256,256,JPEG,RGB,False,cedar_rust,train
dataset\Apple___healthy\image (1543).JPG,Apple___healthy,256,256,JPEG,RGB,False,healthy,train
dataset\Apple___Apple_scab\image (393).JPG,Apple___Apple_scab,256,256,JPEG,RGB,False,apple_scab,validation
dataset\Apple___Black_rot\image (610).JPG,Apple___Black_rot,256,256,JPEG,RGB,False,black_rot,train
dataset\Apple___Black_rot\image (498).JPG,Apple___Black_rot,256,256,JPEG,RGB,False,black_rot,train
dataset\Apple___healthy\image (1238).JPG,Apple___healthy,256,256,JPEG,RGB,False,healthy,train
dataset\Apple___healthy\image (278).JPG,Apple___healthy,256,256,JPEG,RGB,False,healthy,train
dataset\Apple___Black_rot\image (289).JPG,Apple___Black_rot,256,256,JPEG,RGB,False,black_rot,train
dataset\Apple___healthy\image (865).JPG,Apple___healthy,256,256,JPEG,RGB,False,healthy,train
dataset\Apple___healthy\image (1093).JPG,Apple___healthy,256,256,JPEG,RGB,False,healthy,test
dataset\Apple___Apple_scab\image (139).JPG,Apple___Apple_scab,256,256,JPEG,RGB,False,apple_scab,validation
dataset\Apple___Black_rot\image (10).JPG,Apple___Black_rot,256,256,JPEG,RGB,False,black_rot,train
dataset\Apple___Apple_scab\image (264).JPG,Apple___Apple_scab,256,256,JPEG,RGB,False,apple_scab,train
dataset\Apple___Black_rot\image (375).JPG,Apple___Black_rot,256,256,JPEG,RGB,False,black_rot,train
dataset\Apple___healthy\image (1147).JPG,Apple___healthy,256,256,JPEG,RGB,False,healthy,test
dataset\Apple___healthy\image (1250).JPG,Apple___healthy,256,256,JPEG,RGB,False,healthy,train
dataset\Apple___healthy\image (1571).JPG,Apple___healthy,256,256,JPEG,RGB,False,healthy,train
dataset\Apple___Apple_scab\image (256).JPG,Apple___Apple_scab,256,256,JPEG,RGB,False,apple_scab,train
dataset\Apple___healthy\image (966).JPG,Apple___healthy,256,256,JPEG,RGB,False,healthy,train
dataset\Apple___healthy\image (1640).JPG,Apple___healthy,256,256,JPEG,RGB,False,healthy,train
dataset\Apple___healthy\image (96).JPG,Apple___healthy,256,256,JPEG,RGB,False,healthy,train
dataset\Apple___Apple_scab\image (360).JPG,Apple___Apple_scab,256,256,JPEG,RGB,False,apple_scab,train
dataset\Apple___Apple_scab\image (427).JPG,Apple___Apple_scab,256,256,JPEG,RGB,False,apple_scab,train
dataset\Apple___Black_rot\image (497).JPG,Apple___Black_rot,256,256,JPEG,RGB,False,black_rot,train
dataset\Apple___healthy\image (632).JPG,Apple___healthy,256,256,JPEG,RGB,False,healthy,train
dataset\Apple___Black_rot\image (387).JPG,Apple___Black_rot,256,256,JPEG,RGB,False,black_rot,train
dataset\Apple___healthy\image (89).JPG,Apple___healthy,256,256,JPEG,RGB,False,healthy,train
dataset\Apple___healthy\image (856).JPG,Apple___healthy,256,256,JPEG,RGB,False,healthy,train
dataset\Apple___Apple_scab\image (235).JPG,Apple___Apple_scab,256,256,JPEG,RGB,False,apple_scab,validation
dataset\Apple___Black_rot\image (147).JPG,Apple___Black_rot,256,256,JPEG,RGB,False,black_rot,validation
dataset\Apple___healthy\image (702).JPG,Apple___healthy,256,256,JPEG,RGB,False,healthy,train
dataset\Apple___Black_rot\image (602).JPG,Apple___Black_rot,256,256,JPEG,RGB,False,black_rot,train
dataset\Apple___healthy\image (974).JPG,Apple___healthy,256,256,JPEG,RGB,False,healthy,train
dataset\Apple___Apple_scab\image (519).JPG,Apple___Apple_scab,256,256,JPEG,RGB,False,apple_scab,validation
dataset\Apple___healthy\image (1181).JPG,Apple___healthy,256,256,JPEG,RGB,False,healthy,train
dataset\Apple___Apple_scab\image (425).JPG,Apple___Apple_scab,256,256,JPEG,RGB,False,apple_scab,train
dataset\Apple___Cedar_apple_rust\image (179).JPG,Apple___Cedar_apple_rust,256,256,JPEG,RGB,False,cedar_rust,train
dataset\Apple___healthy\image (1583).JPG,Apple___healthy,256,256,JPEG,RGB,False,healthy,train
dataset\Apple___healthy\image (1045).JPG,Apple___healthy,256,256,JPEG,RGB,False,healthy,train
dataset\Apple___healthy\image (1557).JPG,Apple___healthy,256,256,JPEG,RGB,False,healthy,test
dataset\Apple___healthy\image (985).JPG,Apple___healthy,256,256,JPEG,RGB,False,healthy,test
dataset\Apple___healthy\image (1363).JPG,Apple___healthy,256,256,JPEG,RGB,False,healthy,train
dataset\Apple___Black_rot\image (96).JPG,Apple___Black_rot,256,256,JPEG,RGB,False,black_rot,train
dataset\Apple___Apple_scab\image (270).JPG,Apple___Apple_scab,256,256,JPEG,RGB,False,apple_scab,train
dataset\Apple___Apple_scab\image (280).JPG,Apple___Apple_scab,256,256,JPEG,RGB,False,apple_scab,test
dataset\Apple___Black_rot\image (330).JPG,Apple___Black_rot,256,256,JPEG,RGB,False,black_rot,train
dataset\Apple___Apple_scab\image (10).JPG,Apple___Apple_scab,256,256,JPEG,RGB,False,apple_scab,validation
dataset\Apple___healthy\image (1215).JPG,Apple___healthy,256,256,JPEG,RGB,False,healthy,test
dataset\Apple___healthy\image (1254).JPG,Apple___healthy,256,256,JPEG,RGB,False,healthy,validation
dataset\Apple___Apple_scab\image (37).JPG,Apple___Apple_scab,256,256,JPEG,RGB,False,apple_scab,train
dataset\Apple___Apple_scab\image (92).JPG,Apple___Apple_scab,256,256,JPEG,RGB,False,apple_scab,train
dataset\Apple___healthy\image (1291).JPG,Apple___healthy,256,256,JPEG,RGB,False,healthy,train
dataset\Apple___Black_rot\image (549).JPG,Apple___Black_rot,256,256,JPEG,RGB,False,black_rot,validation
dataset\Apple___Black_rot\image (391).JPG,Apple___Black_rot,256,256,JPEG,RGB,False,black_rot,train
dataset\Apple___healthy\image (913).JPG,Apple___healthy,256,256,JPEG,RGB,False,healthy,train
dataset\Apple___healthy\image (182).JPG,Apple___healthy,256,256,JPEG,RGB,False,healthy,train
dataset\Apple___healthy\image (1263).JPG,Apple___healthy,256,256,JPEG,RGB,False,healthy,test
dataset\Apple___Apple_scab\image (440).JPG,Apple___Apple_scab,256,256,JPEG,RGB,False,apple_scab,test
dataset\Apple___Apple_scab\image (294).JPG,Apple___Apple_scab,256,256,JPEG,RGB,False,apple_scab,validation
dataset\Apple___healthy\image (1202).JPG,Apple___healthy,256,256,JPEG,RGB,False,healthy,train
dataset\Apple___healthy\image (981).JPG,Apple___healthy,256,256,JPEG,RGB,False,healthy,train
dataset\Apple___healthy\image (858).JPG,Apple___healthy,256,256,JPEG,RGB,False,healthy,train
dataset\Apple___healthy\image (866).JPG,Apple___healthy,256,256,JPEG,RGB,False,healthy,train
dataset\Apple___Apple_scab\image (330).JPG,Apple___Apple_scab,256,256,JPEG,RGB,False,apple_scab,train
dataset\Apple___healthy\image (790).JPG,Apple___healthy,256,256,JPEG,RGB,False,healthy,test
dataset\Apple___healthy\image (1059).JPG,Apple___healthy,256,256,JPEG,RGB,False,healthy,train
dataset\Apple___Apple_scab\image (414).JPG,Apple___Apple_scab,256,256,JPEG,RGB,False,apple_scab,train
dataset\Apple___Cedar_apple_rust\image (247).JPG,Apple___Cedar_apple_rust,256,256,JPEG,RGB,False,cedar_rust,test
dataset\Apple___Black_rot\image (535).JPG,Apple___Black_rot,256,256,JPEG,RGB,False,black_rot,train
dataset\Apple___Black_rot\image (419).JPG,Apple___Black_rot,256,256,JPEG,RGB,False,black_rot,train
dataset\Apple___Black_rot\image (306).JPG,Apple___Black_rot,256,256,JPEG,RGB,False,black_rot,train
dataset\Apple___healthy\image (1401).JPG,Apple___healthy,256,256,JPEG,RGB,False,healthy,train
dataset\Apple___healthy\image (128).JPG,Apple___healthy,256,256,JPEG,RGB,False,healthy,test
dataset\Apple___healthy\image (267).JPG,Apple___healthy,256,256,JPEG,RGB,False,healthy,train
dataset\Apple___Apple_scab\image (580).JPG,Apple___Apple_scab,256,256,JPEG,RGB,False,apple_scab,train
dataset\Apple___healthy\image (544).JPG,Apple___healthy,256,256,JPEG,RGB,False,healthy,test
dataset\Apple___Black_rot\image (119).JPG,Apple___Black_rot,256,256,JPEG,RGB,False,black_rot,test
dataset\Apple___Apple_scab\image (586).JPG,Apple___Apple_scab,256,256,JPEG,RGB,False,apple_scab,train
dataset\Apple___healthy\image (109).JPG,Apple___healthy,256,256,JPEG,RGB,False,healthy,test
dataset\Apple___Apple_scab\image (443).JPG,Apple___Apple_scab,256,256,JPEG,RGB,False,apple_scab,train
dataset\Apple___Black_rot\image (540).JPG,Apple___Black_rot,256,256,JPEG,RGB,False,black_rot,validation
dataset\Apple___Black_rot\image (104).JPG,Apple___Black_rot,256,256,JPEG,RGB,False,black_rot,train
dataset\Apple___Black_rot\image (165).JPG,Apple___Black_rot,256,256,JPEG,RGB,False,black_rot,train
dataset\Apple___Apple_scab\image (207).JPG,Apple___Apple_scab,256,256,JPEG,RGB,False,apple_scab,test
dataset\Apple___Black_rot\image (390).JPG,Apple___Black_rot,256,256,JPEG,RGB,False,black_rot,train
dataset\Apple___healthy\image (754).JPG,Apple___healthy,256,256,JPEG,RGB,False,healthy,test
dataset\Apple___healthy\image (1054).JPG,Apple___healthy,256,256,JPEG,RGB,False,healthy,train
dataset\Apple___healthy\image (1450).JPG,Apple___healthy,256,256,JPEG,RGB,False,healthy,train
dataset\Apple___healthy\image (194).JPG,Apple___healthy,256,256,JPEG,RGB,False,healthy,train
dataset\Apple___Cedar_apple_rust\image (273).JPG,Apple___Cedar_apple_rust,256,256,JPEG,RGB,False,cedar_rust,validation
dataset\Apple___healthy\image (333).JPG,Apple___healthy,256,256,JPEG,RGB,False,healthy,train
dataset\Apple___Black_rot\image (46).JPG,Apple___Black_rot,256,256,JPEG,RGB,False,black_rot,test
dataset\Apple___healthy\image (1510).JPG,Apple___healthy,256,256,JPEG,RGB,False,healthy,train
dataset\Apple___Black_rot\image (12).JPG,Apple___Black_rot,256,256,JPEG,RGB,False,black_rot,train
dataset\Apple___healthy\image (982).JPG,Apple___healthy,256,256,JPEG,RGB,False,healthy,train
dataset\Apple___healthy\image (491).JPG,Apple___healthy,256,256,JPEG,RGB,False,healthy,train
dataset\Apple___Black_rot\image (15).JPG,Apple___Black_rot,256,256,JPEG,RGB,False,black_rot,train
dataset\Apple___Cedar_apple_rust\image (177).JPG,Apple___Cedar_apple_rust,256,256,JPEG,RGB,False,cedar_rust,validation
dataset\Apple___Black_rot\image (453).JPG,Apple___Black_rot,256,256,JPEG,RGB,False,black_rot,train
dataset\Apple___healthy\image (403).JPG,Apple___healthy,256,256,JPEG,RGB,False,healthy,train
dataset\Apple___Black_rot\image (170).JPG,Apple___Black_rot,256,256,JPEG,RGB,False,black_rot,validation
dataset\Apple___Black_rot\image (77).JPG,Apple___Black_rot,256,256,JPEG,RGB,False,black_rot,train
dataset\Apple___Black_rot\image (597).JPG,Apple___Black_rot,256,256,JPEG,RGB,False,black_rot,train
dataset\Apple___Black_rot\image (593).JPG,Apple___Black_rot,256,256,JPEG,RGB,False,black_rot,train
dataset\Apple___healthy\image (1005).JPG,Apple___healthy,256,256,JPEG,RGB,False,healthy,validation
dataset\Apple___Apple_scab\image (380).JPG,Apple___Apple_scab,256,256,JPEG,RGB,False,apple_scab,train
dataset\Apple___healthy\image (90).JPG,Apple___healthy,256,256,JPEG,RGB,False,healthy,train
dataset\Apple___Apple_scab\image (597).JPG,Apple___Apple_scab,256,256,JPEG,RGB,False,apple_scab,train
dataset\Apple___healthy\image (332).JPG,Apple___healthy,256,256,JPEG,RGB,False,healthy,test
dataset\Apple___Cedar_apple_rust\image (103).JPG,Apple___Cedar_apple_rust,256,256,JPEG,RGB,False,cedar_rust,train
dataset\Apple___Black_rot\image (277).JPG,Apple___Black_rot,256,256,JPEG,RGB,False,black_rot,train
dataset\Apple___healthy\image (165).JPG,Apple___healthy,256,256,JPEG,RGB,False,healthy,train
dataset\Apple___healthy\image (640).JPG,Apple___healthy,256,256,JPEG,RGB,False,healthy,validation
dataset\Apple___Black_rot\image (362).JPG,Apple___Black_rot,256,256,JPEG,RGB,False,black_rot,train
dataset\Apple___Black_rot\image (303).JPG,Apple___Black_rot,256,256,JPEG,RGB,False,black_rot,train
dataset\Apple___Apple_scab\image (1).JPG,Apple___Apple_scab,256,256,JPEG,RGB,False,apple_scab,train
dataset\Apple___Cedar_apple_rust\image (99).JPG,Apple___Cedar_apple_rust,256,256,JPEG,RGB,False,cedar_rust,train
dataset\Apple___healthy\image (335).JPG,Apple___healthy,256,256,JPEG,RGB,False,healthy,train
dataset\Apple___Apple_scab\image (308).JPG,Apple___Apple_scab,256,256,JPEG,RGB,False,apple_scab,validation
dataset\Apple___Cedar_apple_rust\image (216).JPG,Apple___Cedar_apple_rust,256,256,JPEG,RGB,False,cedar_rust,train
dataset\Apple___healthy\image (180).JPG,Apple___healthy,256,256,JPEG,RGB,False,healthy,validation
dataset\Apple___healthy\image (1203).JPG,Apple___healthy,256,256,JPEG,RGB,False,healthy,train
dataset\Apple___healthy\image (154).JPG,Apple___healthy,256,256,JPEG,RGB,False,healthy,train
dataset\Apple___healthy\image (1262).JPG,Apple___healthy,256,256,JPEG,RGB,False,healthy,train
dataset\Apple___healthy\image (597).JPG,Apple___healthy,256,256,JPEG,RGB,False,healthy,train
dataset\Apple___healthy\image (1251).JPG,Apple___healthy,256,256,JPEG,RGB,False,healthy,test
dataset\Apple___Black_rot\image (550).JPG,Apple___Black_rot,256,256,JPEG,RGB,False,black_rot,validation
dataset\Apple___Cedar_apple_rust\image (21).JPG,Apple___Cedar_apple_rust,256,256,JPEG,RGB,False,cedar_rust,train
dataset\Apple___healthy\image (1575).JPG,Apple___healthy,256,256,JPEG,RGB,False,healthy,train
dataset\Apple___Cedar_apple_rust\image (38).JPG,Apple___Cedar_apple_rust,256,256,JPEG,RGB,False,cedar_rust,train
dataset\Apple___healthy\image (1224).JPG,Apple___healthy,256,256,JPEG,RGB,False,healthy,train
dataset\Apple___Apple_scab\image (110).JPG,Apple___Apple_scab,256,256,JPEG,RGB,False,apple_scab,validation
dataset\Apple___Cedar_apple_rust\image (244).JPG,Apple___Cedar_apple_rust,256,256,JPEG,RGB,False,cedar_rust,train
dataset\Apple___Cedar_apple_rust\image (98).JPG,Apple___Cedar_apple_rust,256,256,JPEG,RGB,False,cedar_rust,train
dataset\Apple___healthy\image (724).JPG,Apple___healthy,256,256,JPEG,RGB,False,healthy,train
dataset\Apple___Apple_scab\image (198).JPG,Apple___Apple_scab,256,256,JPEG,RGB,False,apple_scab,train
dataset\Apple___healthy\image (308).JPG,Apple___healthy,256,256,JPEG,RGB,False,healthy,train
dataset\Apple___Black_rot\image (404).JPG,Apple___Black_rot,256,256,JPEG,RGB,False,black_rot,test
dataset\Apple___healthy\image (519).JPG,Apple___healthy,256,256,JPEG,RGB,False,healthy,validation
dataset\Apple___Apple_scab\image (566).JPG,Apple___Apple_scab,256,256,JPEG,RGB,False,apple_scab,train
dataset\Apple___Black_rot\image (97).JPG,Apple___Black_rot,256,256,JPEG,RGB,False,black_rot,train
dataset\Apple___healthy\image (272).JPG,Apple___healthy,256,256,JPEG,RGB,False,healthy,train
dataset\Apple___healthy\image (406).JPG,Apple___healthy,256,256,JPEG,RGB,False,healthy,validation
dataset\Apple___Apple_scab\image (18).JPG,Apple___Apple_scab,256,256,JPEG,RGB,False,apple_scab,train
dataset\Apple___healthy\image (907).JPG,Apple___healthy,256,256,JPEG,RGB,False,healthy,test
dataset\Apple___healthy\image (1233).JPG,Apple___healthy,256,256,JPEG,RGB,False,healthy,train
dataset\Apple___healthy\image (950).JPG,Apple___healthy,256,256,JPEG,RGB,False,healthy,train
dataset\Apple___Apple_scab\image (460).JPG,Apple___Apple_scab,256,256,JPEG,RGB,False,apple_scab,validation
dataset\Apple___Apple_scab\image (618).JPG,Apple___Apple_scab,256,256,JPEG,RGB,False,apple_scab,train
dataset\Apple___healthy\image (1484).JPG,Apple___healthy,256,256,JPEG,RGB,False,healthy,train
dataset\Apple___healthy\image (206).JPG,Apple___healthy,256,256,JPEG,RGB,False,healthy,validation
dataset\Apple___healthy\image (759).JPG,Apple___healthy,256,256,JPEG,RGB,False,healthy,train
dataset\Apple___Apple_scab\image (34).JPG,Apple___Apple_scab,256,256,JPEG,RGB,False,apple_scab,test
dataset\Apple___Apple_scab\image (47).JPG,Apple___Apple_scab,256,256,JPEG,RGB,False,apple_scab,train
dataset\Apple___healthy\image (270).JPG,Apple___healthy,256,256,JPEG,RGB,False,healthy,train
dataset\Apple___Apple_scab\image (265).JPG,Apple___Apple_scab,256,256,JPEG,RGB,False,apple_scab,train
dataset\Apple___healthy\image (517).JPG,Apple___healthy,256,256,JPEG,RGB,False,healthy,test
dataset\Apple___healthy\image (862).JPG,Apple___healthy,256,256,JPEG,RGB,False,healthy,validation
dataset\Apple___healthy\image (1634).JPG,Apple___healthy,256,256,JPEG,RGB,False,healthy,test
dataset\Apple___Apple_scab\image (422).JPG,Apple___Apple_scab,256,256,JPEG,RGB,False,apple_scab,train
dataset\Apple___healthy\image (1420).JPG,Apple___healthy,256,256,JPEG,RGB,False,healthy,train
dataset\Apple___Apple_scab\image (538).JPG,Apple___Apple_scab,256,256,JPEG,RGB,False,apple_scab,train
dataset\Apple___healthy\image (394).JPG,Apple___healthy,256,256,JPEG,RGB,False,healthy,validation
dataset\Apple___healthy\image (137).JPG,Apple___healthy,256,256,JPEG,RGB,False,healthy,train
dataset\Apple___healthy\image (837).JPG,Apple___healthy,256,256,JPEG,RGB,False,healthy,validation
dataset\Apple___healthy\image (1397).JPG,Apple___healthy,256,256,JPEG,RGB,False,healthy,train
dataset\Apple___healthy\image (1434).JPG,Apple___healthy,256,256,JPEG,RGB,False,healthy,validation
dataset\Apple___healthy\image (1284).JPG,Apple___healthy,256,256,JPEG,RGB,False,healthy,test
dataset\Apple___Black_rot\image (178).JPG,Apple___Black_rot,256,256,JPEG,RGB,False,black_rot,train
dataset\Apple___Black_rot\image (148).JPG,Apple___Black_rot,256,256,JPEG,RGB,False,black_rot,train
dataset\Apple___Black_rot\image (207).JPG,Apple___Black_rot,256,256,JPEG,RGB,False,black_rot,train
dataset\Apple___Apple_scab\image (50).JPG,Apple___Apple_scab,256,256,JPEG,RGB,False,apple_scab,test
dataset\Apple___healthy\image (160).JPG,Apple___healthy,256,256,JPEG,RGB,False,healthy,train
dataset\Apple___Apple_scab\image (481).JPG,Apple___Apple_scab,256,256,JPEG,RGB,False,apple_scab,train
dataset\Apple___Apple_scab\image (272).JPG,Apple___Apple_scab,256,256,JPEG,RGB,False,apple_scab,train
dataset\Apple___healthy\image (1468).JPG,Apple___healthy,256,256,JPEG,RGB,False,healthy,test
dataset\Apple___Apple_scab\image (102).JPG,Apple___Apple_scab,256,256,JPEG,RGB,False,apple_scab,test
dataset\Apple___healthy\image (927).JPG,Apple___healthy,256,256,JPEG,RGB,False,healthy,test
dataset\Apple___healthy\image (1255).JPG,Apple___healthy,256,256,JPEG,RGB,False,healthy,train
dataset\Apple___Cedar_apple_rust\image (70).JPG,Apple___Cedar_apple_rust,256,256,JPEG,RGB,False,cedar_rust,train
dataset\Apple___Black_rot\image (133).JPG,Apple___Black_rot,256,256,JPEG,RGB,False,black_rot,train
dataset\Apple___healthy\image (1355).JPG,Apple___healthy,256,256,JPEG,RGB,False,healthy,test
dataset\Apple___healthy\image (662).JPG,Apple___healthy,256,256,JPEG,RGB,False,healthy,train
dataset\Apple___healthy\image (344).JPG,Apple___healthy,256,256,JPEG,RGB,False,healthy,validation
dataset\Apple___healthy\image (879).JPG,Apple___healthy,256,256,JPEG,RGB,False,healthy,train
dataset\Apple___Black_rot\image (139).JPG,Apple___Black_rot,256,256,JPEG,RGB,False,black_rot,train
dataset\Apple___Black_rot\image (85).JPG,Apple___Black_rot,256,256,JPEG,RGB,False,black_rot,test
dataset\Apple___Black_rot\image (280).JPG,Apple___Black_rot,256,256,JPEG,RGB,False,black_rot,train
dataset\Apple___Cedar_apple_rust\image (172).JPG,Apple___Cedar_apple_rust,256,256,JPEG,RGB,False,cedar_rust,validation
dataset\Apple___Apple_scab\image (343).JPG,Apple___Apple_scab,256,256,JPEG,RGB,False,apple_scab,train
dataset\Apple___healthy\image (1314).JPG,Apple___healthy,256,256,JPEG,RGB,False,healthy,train
dataset\Apple___Cedar_apple_rust\image (263).JPG,Apple___Cedar_apple_rust,256,256,JPEG,RGB,False,cedar_rust,train
dataset\Apple___healthy\image (448).JPG,Apple___healthy,256,256,JPEG,RGB,False,healthy,validation
dataset\Apple___healthy\image (1500).JPG,Apple___healthy,256,256,JPEG,RGB,False,healthy,train
dataset\Apple___healthy\image (637).JPG,Apple___healthy,256,256,JPEG,RGB,False,healthy,train
dataset\Apple___Black_rot\image (30).JPG,Apple___Black_rot,256,256,JPEG,RGB,False,black_rot,validation
dataset\Apple___Black_rot\image (565).JPG,Apple___Black_rot,256,256,JPEG,RGB,False,black_rot,test
dataset\Apple___healthy\image (1226).JPG,Apple___healthy,256,256,JPEG,RGB,False,healthy,train
dataset\Apple___healthy\image (1326).JPG,Apple___healthy,256,256,JPEG,RGB,False,healthy,validation
dataset\Apple___Black_rot\image (595).JPG,Apple___Black_rot,256,256,JPEG,RGB,False,black_rot,train
dataset\Apple___healthy\image (1060).JPG,Apple___healthy,256,256,JPEG,RGB,False,healthy,train
dataset\Apple___healthy\image (776).JPG,Apple___healthy,256,256,JPEG,RGB,False,healthy,train
dataset\Apple___healthy\image (1272).JPG,Apple___healthy,256,256,JPEG,RGB,False,healthy,test
dataset\Apple___healthy\image (1437).JPG,Apple___healthy,256,256,JPEG,RGB,False,healthy,train
dataset\Apple___Apple_scab\image (483).JPG,Apple___Apple_scab,256,256,JPEG,RGB,False,apple_scab,train
dataset\Apple___Black_rot\image (212).JPG,Apple___Black_rot,256,256,JPEG,RGB,False,black_rot,train
dataset\Apple___Black_rot\image (33).JPG,Apple___Black_rot,256,256,JPEG,RGB,False,black_rot,train
dataset\Apple___healthy\image (1).JPG,Apple___healthy,256,256,JPEG,RGB,False,healthy,train
dataset\Apple___Cedar_apple_rust\image (17).JPG,Apple___Cedar_apple_rust,256,256,JPEG,RGB,False,cedar_rust,train
dataset\Apple___Apple_scab\image (361).JPG,Apple___Apple_scab,256,256,JPEG,RGB,False,apple_scab,train
dataset\Apple___Black_rot\image (171).JPG,Apple___Black_rot,256,256,JPEG,RGB,False,black_rot,test
dataset\Apple___Black_rot\image (476).JPG,Apple___Black_rot,256,256,JPEG,RGB,False,black_rot,train
dataset\Apple___healthy\image (1008).JPG,Apple___healthy,256,256,JPEG,RGB,False,healthy,train
dataset\Apple___Cedar_apple_rust\image (226).JPG,Apple___Cedar_apple_rust,256,256,JPEG,RGB,False,cedar_rust,train
dataset\Apple___Apple_scab\image (121).JPG,Apple___Apple_scab,256,256,JPEG,RGB,False,apple_scab,train
